,Time,Day_of_week,Age_band_of_driver,Driving_experience,Type_of_vehicle,Area_accident_occured,Lanes_or_Medians,Road_allignment,Types_of_Junction,Road_surface_type,Road_surface_conditions,Light_conditions,Weather_conditions,Type_of_collision,Number_of_vehicles_involved,Number_of_casualties,Vehicle_movement,Pedestrian_movement,Cause_of_accident,Accident_severity,Hour,TimeLine
2161,1900-01-01 04:30:00,Friday,Unknown,5-10yr,Automobile,Residential areas,Undivided Two way,Tangent road with flat terrain,Y Shape,Asphalt roads,Dry,Daylight,Normal,Vehicle with vehicle collision,1,1,Going straight,Not a Pedestrian,No distancing,Serious Injury,4,Morning
2162,1900-01-01 14:30:00,Tuesday,Unknown,1-2yr,Automobile, Church areas,Undivided Two way,Tangent road with flat terrain,Crossing,Asphalt roads,Dry,Daylight,Normal,Vehicle with vehicle collision,1,1,Going straight,Not a Pedestrian,Changing lane to the left,Slight Injury,14,Afternoon
2163,1900-01-01 21:45:00,Wednesday,18-30,5-10yr,Automobile,Office areas,Double carriageway (median),Tangent road with flat terrain,Y Shape,Asphalt roads,Dry,Darkness - lights lit,Normal,Collision with pedestrians,3,1,Moving Backward,Not a Pedestrian,Changing lane to the right,Slight Injury,21,Night
2164,1900-01-01 21:45:00,Wednesday,31-50,1-2yr,Lorry (41?100Q), Church areas,other,Tangent road with flat terrain,Y Shape,Asphalt roads,Dry,Darkness - lights lit,Normal,Vehicle with vehicle collision,3,1,Going straight,Not a Pedestrian,No priority to vehicle,Slight Injury,21,Night
2165,1900-01-01 21:45:00,Wednesday,Unknown,5-10yr,Automobile,Other,Two-way (divided with broken lines road marking),Tangent road with flat terrain,Y Shape,Asphalt roads,Dry,Darkness - lights lit,Normal,Vehicle with vehicle collision,3,1,Going straight,Not a Pedestrian,Changing lane to the left,Slight Injury,21,Night
2166,1900-01-01 08:30:00,Wednesday,Unknown,2-5yr,Public (13?45 seats),Other,other,Tangent road with flat terrain,Y Shape,Asphalt roads,Wet or damp,Daylight,Raining,Vehicle with vehicle collision,1,1,Moving Backward,Not a Pedestrian,No priority to vehicle,Slight Injury,8,Morning
2167,1900-01-01 13:09:00,Thursday,31-50,2-5yr,Automobile,School areas,other,Steep grade downward with mountainous terrain,Y Shape,Asphalt roads,Dry,Daylight,Normal,Vehicle with vehicle collision,2,1,Moving Backward,Not a Pedestrian,Moving Backward,Serious Injury,13,Afternoon
2168,1900-01-01 13:09:00,Thursday,18-30,5-10yr,Public (> 45 seats),Office areas,Two-way (divided with broken lines road marking),Tangent road with mild grade and flat terrain,Y Shape,Earth roads,Dry,Daylight,Normal,Collision with roadside objects,2,1,Going straight,Not a Pedestrian,Turnover,Serious Injury,13,Afternoon
2169,1900-01-01 18:07:00,Monday,18-30,Below 1yr,Lorry (41?100Q),Other,other,Steep grade downward with mountainous terrain,Y Shape,Asphalt roads,Wet or damp,Daylight,Raining,Vehicle with vehicle collision,1,1,Going straight,Not a Pedestrian,No distancing,Slight Injury,18,Evening
2170,1900-01-01 08:25:00,Sunday,Over 51,Below 1yr,Automobile,Office areas,Undivided Two way,Tangent road with flat terrain,Y Shape,Asphalt roads,Dry,Daylight,Normal,Vehicle with vehicle collision,1,1,Going straight,Not a Pedestrian,No distancing,Slight Injury,8,Morning
2171,1900-01-01 11:15:00,Saturday,31-50,5-10yr,Lorry (11?40Q),Other,Undivided Two way,Tangent road with flat terrain,Crossing,Asphalt roads,Dry,Daylight,Normal,Vehicle with vehicle collision,2,1,Going straight,Not a Pedestrian,No distancing,Slight Injury,11,Morning
2172,1900-01-01 11:15:00,Saturday,31-50,Below 1yr,Public (13?45 seats),Other,Two-way (divided with broken lines road marking),Tangent road with flat terrain,Crossing,Asphalt roads,Dry,Daylight,Normal,Vehicle with vehicle collision,2,1,Going straight,Not a Pedestrian,Changing lane to the left,Slight Injury,11,Morning
2173,1900-01-01 17:50:00,Friday,18-30,2-5yr,Public (13?45 seats),Office areas,Undivided Two way,Tangent road with flat terrain,Crossing,Asphalt roads,Dry,Daylight,Normal,Vehicle with vehicle collision,1,1,Going straight,Not a Pedestrian,No priority to vehicle,Slight Injury,17,Evening
2174,1900-01-01 13:37:00,Friday,Unknown,2-5yr,Automobile,Other,Double carriageway (median),Tangent road with flat terrain,Crossing,Asphalt roads,Dry,Daylight,Normal,Vehicle with vehicle collision,1,1,Going straight,Not a Pedestrian,Driving at high speed,Slight Injury,13,Afternoon
2175,1900-01-01 15:05:00,Tuesday,31-50,5-10yr,Long lorry, Church areas,other,Tangent road with flat terrain,Y Shape,Asphalt roads,Dry,Daylight,Normal,Vehicle with vehicle collision,2,1,Going straight,Not a Pedestrian,Overtaking,Slight Injury,15,Afternoon
2176,1900-01-01 15:05:00,Tuesday,Unknown,5-10yr,Lorry (41?100Q),Office areas,Two-way (divided with broken lines road marking),Tangent road with flat terrain,Y Shape,Asphalt roads,Dry,Daylight,Normal,Collision with roadside objects,2,1,Going straight,Not a Pedestrian,Other,Slight Injury,15,Afternoon
2177,1900-01-01 09:57:00,Wednesday,31-50,5-10yr,Lorry (11?40Q),Office areas,Two-way (divided with broken lines road marking),Tangent road with flat terrain,No junction,Asphalt roads,Dry,Daylight,Normal,Vehicle with vehicle collision,2,1,Going straight,Unknown or other,Changing lane to the left,Slight Injury,9,Morning
2178,1900-01-01 09:57:00,Wednesday,18-30,5-10yr,Lorry (41?100Q),Other,Undivided Two way,Tangent road with mountainous terrain and,No junction,Asphalt roads,Dry,Daylight,Normal,Vehicle with vehicle collision,2,1,Other,Not a Pedestrian,No priority to pedestrian,Slight Injury,9,Morning
2179,1900-01-01 16:30:00,Wednesday,Over 51,5-10yr,Public (12 seats),Residential areas,Undivided Two way,Tangent road with flat terrain,No junction,Asphalt roads,Dry,Daylight,Normal,Vehicle with vehicle collision,3,1,Going straight,Not a Pedestrian,Changing lane to the left,Slight Injury,16,Evening
2180,1900-01-01 16:30:00,Wednesday,18-30,2-5yr,Automobile,Residential areas,Undivided Two way,Tangent road with flat terrain,No junction,Asphalt roads,Dry,Daylight,Normal,Vehicle with vehicle collision,3,1,Reversing,Unknown or other,No distancing,Slight Injury,16,Evening
2181,1900-01-01 16:30:00,Wednesday,Unknown,5-10yr,Taxi,Other,Two-way (divided with broken lines road marking),Tangent road with flat terrain,No junction,Asphalt roads,Dry,Daylight,Normal,Rollover,3,1,Going straight,Not a Pedestrian,Moving Backward,Slight Injury,16,Evening
2182,1900-01-01 00:15:00,Monday,31-50,Below 1yr,Automobile,Other,other,Tangent road with flat terrain,Crossing,Asphalt roads,Dry,Darkness - lights lit,Normal,Vehicle with vehicle collision,2,2,Reversing,Not a Pedestrian,Changing lane to the left,Slight Injury,0,Night
2183,1900-01-01 00:15:00,Monday,31-50,1-2yr,Automobile,Office areas,Two-way (divided with broken lines road marking),Steep grade downward with mountainous terrain,Crossing,Asphalt roads,Dry,Darkness - lights lit,Normal,Vehicle with vehicle collision,2,2,Going straight,Not a Pedestrian,Other,Slight Injury,0,Night
2184,1900-01-01 00:15:00,Monday,18-30,2-5yr,Automobile,School areas,Double carriageway (median),Tangent road with flat terrain,Crossing,Earth roads,Dry,Darkness - lights lit,Normal,Collision with roadside objects,2,2,Reversing,Not a Pedestrian,No distancing,Slight Injury,0,Night
2185,1900-01-01 01:46:00,Sunday,31-50,2-5yr,Lorry (41?100Q),Other,Two-way (divided with broken lines road marking),Steep grade downward with mountainous terrain,Y Shape,Asphalt roads,Dry,Darkness - lights lit,Normal,Vehicle with vehicle collision,1,1,Going straight,Not a Pedestrian,Moving Backward,Slight Injury,1,Night
2186,1900-01-01 18:45:00,Friday,31-50,5-10yr,Automobile,Other,Two-way (divided with broken lines road marking),Tangent road with rolling terrain,Y Shape,,Dry,Daylight,Normal,Vehicle with vehicle collision,2,1,Going straight,Not a Pedestrian,No distancing,Slight Injury,18,Evening
2187,1900-01-01 18:45:00,Friday,Unknown,5-10yr,Automobile, Church areas,Two-way (divided with broken lines road marking),Tangent road with flat terrain,Y Shape,Asphalt roads,Dry,Daylight,Normal,Vehicle with vehicle collision,2,1,Reversing,Not a Pedestrian,Changing lane to the left,Slight Injury,18,Evening
2188,1900-01-01 21:35:00,Monday,31-50,5-10yr,Lorry (41?100Q),Office areas,Two-way (divided with broken lines road marking),Tangent road with mild grade and flat terrain,O Shape,Asphalt roads,Dry,Darkness - lights lit,Normal,Collision with roadside objects,2,1,Other,Not a Pedestrian,Changing lane to the left,Slight Injury,21,Night
2189,1900-01-01 21:35:00,Monday,18-30,Above 10yr,Automobile,Other,Two-way (divided with broken lines road marking),Tangent road with mild grade and flat terrain,O Shape,Asphalt roads,Dry,Darkness - lights lit,Normal,Collision with roadside objects,2,1,Going straight,Not a Pedestrian,No priority to pedestrian,Slight Injury,21,Night
2190,1900-01-01 21:51:00,Wednesday,18-30,Above 10yr,Automobile,Residential areas,Double carriageway (median),Tangent road with flat terrain,Y Shape,Asphalt roads,Dry,Darkness - lights lit,Normal,Vehicle with vehicle collision,2,1,Going straight,Not a Pedestrian,Changing lane to the left,Slight Injury,21,Night
2191,1900-01-01 21:51:00,Wednesday,31-50,Above 10yr,Automobile,Office areas,Two-way (divided with broken lines road marking),Tangent road with flat terrain,Y Shape,Asphalt roads,Dry,Darkness - lights lit,Normal,Vehicle with vehicle collision,2,1,Going straight,Not a Pedestrian,Driving carelessly,Slight Injury,21,Night
2192,1900-01-01 10:00:00,Friday,18-30,unknown,Taxi,Office areas,Undivided Two way,Tangent road with flat terrain,No junction,Asphalt roads,Dry,Daylight,Normal,Collision with roadside objects,2,1,Moving Backward,Not a Pedestrian,Driving carelessly,Slight Injury,10,Morning
2193,1900-01-01 10:00:00,Friday,Unknown,5-10yr,Automobile,Office areas,Two-way (divided with broken lines road marking),Tangent road with flat terrain,No junction,Asphalt roads,Dry,Daylight,Normal,Collision with roadside objects,2,1,Going straight,Not a Pedestrian,No priority to pedestrian,Slight Injury,10,Morning
2194,1900-01-01 15:50:00,Thursday,18-30,2-5yr,Automobile, Church areas,Two-way (divided with broken lines road marking),Tangent road with flat terrain,Y Shape,Asphalt roads,Dry,Daylight,Normal,Vehicle with vehicle collision,2,1,Going straight,Not a Pedestrian,Getting off the vehicle improperly,Slight Injury,15,Afternoon
2195,1900-01-01 15:50:00,Thursday,31-50,5-10yr,Automobile,Office areas,Two-way (divided with broken lines road marking),Tangent road with flat terrain,Y Shape,Asphalt roads,Dry,Daylight,Normal,Vehicle with vehicle collision,2,1,Going straight,Not a Pedestrian,No distancing,Slight Injury,15,Afternoon
2196,1900-01-01 19:00:00,Monday,Over 51,2-5yr,Pick up upto 10Q,Office areas,Two-way (divided with broken lines road marking),Tangent road with mild grade and flat terrain,Crossing,Gravel roads,Dry,Daylight,Normal,Vehicle with vehicle collision,2,1,Going straight,Not a Pedestrian,Changing lane to the left,Slight Injury,19,Evening
2197,1900-01-01 19:00:00,Monday,31-50,5-10yr,Automobile,Office areas,Two-way (divided with broken lines road marking),Tangent road with mild grade and flat terrain,Crossing,Asphalt roads,Dry,Daylight,Normal,Collision with roadside objects,2,1,Other,Not a Pedestrian,No priority to vehicle,Slight Injury,19,Evening
2198,1900-01-01 17:30:00,Tuesday,31-50,Above 10yr,Automobile,Office areas,Two-way (divided with broken lines road marking),Tangent road with flat terrain,Y Shape,Asphalt roads,Dry,Daylight,Normal,Vehicle with vehicle collision,3,1,Going straight,Crossing from driver's nearside,No distancing,Serious Injury,17,Evening
2199,1900-01-01 17:30:00,Tuesday,18-30,2-5yr,Public (12 seats),Other,Two-way (divided with broken lines road marking),Tangent road with flat terrain,Y Shape,Asphalt roads,Dry,Daylight,Normal,Vehicle with vehicle collision,3,1,Going straight,Not a Pedestrian,No priority to pedestrian,Serious Injury,17,Evening
2200,1900-01-01 17:30:00,Tuesday,Unknown,2-5yr,Public (13?45 seats),Residential areas,Double carriageway (median),Tangent road with flat terrain,Y Shape,Asphalt roads,Dry,Daylight,Normal,Vehicle with vehicle collision,3,1,Turnover,Not a Pedestrian,No priority to pedestrian,Serious Injury,17,Evening
2201,1900-01-01 14:03:00,Tuesday,31-50,Above 10yr,Lorry (11?40Q), Church areas,Undivided Two way,Tangent road with flat terrain,O Shape,Asphalt roads,Dry,Daylight,Normal,Rollover,1,1,Going straight,Not a Pedestrian,No priority to vehicle,Slight Injury,14,Afternoon
2202,1900-01-01 19:15:00,Wednesday,31-50,1-2yr,Stationwagen,Other,Two-way (divided with broken lines road marking),Tangent road with flat terrain,Y Shape,Asphalt roads,Dry,Daylight,Normal,Vehicle with vehicle collision,2,1,Moving Backward,Not a Pedestrian,Driving carelessly,Slight Injury,19,Evening
2203,1900-01-01 19:15:00,Wednesday,31-50,Above 10yr,Ridden horse,  Recreational areas,Two-way (divided with broken lines road marking),Tangent road with flat terrain,Y Shape,Asphalt roads,Dry,Daylight,Normal,Vehicle with vehicle collision,2,1,Moving Backward,Not a Pedestrian,Changing lane to the right,Slight Injury,19,Evening
2204,1900-01-01 16:10:00,Friday,18-30,5-10yr,Stationwagen,Other,Two-way (divided with broken lines road marking),Tangent road with flat terrain,Y Shape,Asphalt roads,Dry,Daylight,Normal,Collision with pedestrians,2,1,Going straight,Not a Pedestrian,Changing lane to the left,Slight Injury,16,Evening
2205,1900-01-01 16:10:00,Friday,31-50,5-10yr,Automobile, Industrial areas,Undivided Two way,Tangent road with mild grade and flat terrain,Y Shape,Asphalt roads,Dry,Daylight,Normal,Vehicle with vehicle collision,2,1,Other,Not a Pedestrian,Moving Backward,Slight Injury,16,Evening
2206,1900-01-01 20:10:00,Friday,31-50,5-10yr,Automobile,Other,Two-way (divided with broken lines road marking),Tangent road with flat terrain,No junction,Asphalt roads,Dry,Darkness - lights lit,Normal,Vehicle with vehicle collision,3,1,Going straight,Not a Pedestrian,Driving carelessly,Slight Injury,20,Night
2207,1900-01-01 20:10:00,Friday,18-30,5-10yr,Other,Other,other,Tangent road with flat terrain,No junction,Asphalt roads,Dry,Darkness - lights lit,Normal,Vehicle with vehicle collision,3,1,Going straight,Not a Pedestrian,Driving to the left,Slight Injury,20,Night
2208,1900-01-01 20:10:00,Friday,18-30,Above 10yr,Taxi, Church areas,other,Tangent road with flat terrain,No junction,Asphalt roads,Dry,Darkness - lights lit,Normal,Vehicle with vehicle collision,3,1,Going straight,Not a Pedestrian,Driving to the left,Slight Injury,20,Night
2209,1900-01-01 19:40:00,Saturday,31-50,1-2yr,Automobile, Church areas,Undivided Two way,Tangent road with flat terrain,No junction,Asphalt roads,Dry,Darkness - lights lit,Normal,Collision with roadside objects,1,1,Going straight,Not a Pedestrian,No priority to pedestrian,Slight Injury,19,Evening
2210,1900-01-01 01:00:00,Sunday,Under 18,2-5yr,Stationwagen,Other,Two-way (divided with broken lines road marking),Tangent road with flat terrain,Y Shape,Asphalt roads,Dry,Darkness - lights lit,Normal,Vehicle with vehicle collision,2,1,Going straight,Not a Pedestrian,Changing lane to the left,Slight Injury,1,Night
2211,1900-01-01 01:00:00,Sunday,31-50,Below 1yr,Automobile,Other,One way,Tangent road with flat terrain,Y Shape,Asphalt roads,Dry,Darkness - lights lit,Normal,Vehicle with vehicle collision,2,1,Going straight,Unknown or other,Changing lane to the right,Slight Injury,1,Night
2212,1900-01-01 21:39:00,Saturday,Unknown,Above 10yr,Public (12 seats),  Recreational areas,Two-way (divided with broken lines road marking),Tangent road with flat terrain,Y Shape,Asphalt roads,Dry,Darkness - lights lit,Normal,Vehicle with vehicle collision,2,1,Going straight,Unknown or other,Driving carelessly,Slight Injury,21,Night
2213,1900-01-01 21:39:00,Saturday,31-50,1-2yr,Automobile,Other,Undivided Two way,Tangent road with flat terrain,Y Shape,Asphalt roads,Dry,Darkness - lights lit,Normal,Vehicle with vehicle collision,2,1,Going straight,Not a Pedestrian,No distancing,Slight Injury,21,Night
2214,1900-01-01 11:45:00,Sunday,31-50,5-10yr,Automobile,Office areas,Undivided Two way,Tangent road with flat terrain,Y Shape,Other,Dry,Daylight,Normal,Collision with roadside objects,2,1,Other,Not a Pedestrian,Getting off the vehicle improperly,Slight Injury,11,Morning
2215,1900-01-01 11:45:00,Sunday,18-30,5-10yr,Lorry (41?100Q), Church areas,Two-way (divided with broken lines road marking),Tangent road with flat terrain,Y Shape,Asphalt roads,Dry,Daylight,Normal,Vehicle with vehicle collision,2,1,Going straight,Not a Pedestrian,Driving under the influence of drugs,Slight Injury,11,Morning
2216,1900-01-01 08:40:00,Wednesday,18-30,Below 1yr,Automobile,Office areas,Two-way (divided with broken lines road marking),Tangent road with flat terrain,No junction,Asphalt roads,Dry,Daylight,Normal,Collision with roadside objects,2,1,Overtaking,Not a Pedestrian,Changing lane to the right,Slight Injury,8,Morning
2217,1900-01-01 08:40:00,Wednesday,Unknown,5-10yr,Public (> 45 seats),Office areas,Undivided Two way,Tangent road with mountainous terrain and,No junction,Asphalt roads,Dry,Daylight,Normal,Vehicle with vehicle collision,2,1,Going straight,Not a Pedestrian,Driving carelessly,Slight Injury,8,Morning
2218,1900-01-01 13:57:00,Monday,31-50,Above 10yr,Automobile,Other,Undivided Two way,Tangent road with flat terrain,Y Shape,Asphalt roads,Wet or damp,Daylight,Raining,Rollover,2,1,Going straight,Not a Pedestrian,Moving Backward,Slight Injury,13,Afternoon
2219,1900-01-01 13:57:00,Monday,18-30,5-10yr,Public (12 seats),Residential areas,Two-way (divided with broken lines road marking),Tangent road with flat terrain,Y Shape,Asphalt roads,Wet or damp,Daylight,Raining,Vehicle with vehicle collision,2,1,Going straight,Not a Pedestrian,Turnover,Slight Injury,13,Afternoon
2220,1900-01-01 16:09:00,Monday,18-30,1-2yr,Public (12 seats),Office areas,Two-way (divided with broken lines road marking),Tangent road with mild grade and flat terrain,Y Shape,Asphalt roads,Wet or damp,Daylight,Raining,Vehicle with vehicle collision,1,1,U-Turn,Not a Pedestrian,Changing lane to the right,Slight Injury,16,Evening
2221,1900-01-01 10:35:00,Wednesday,31-50,2-5yr,Automobile,Residential areas,other,Tangent road with flat terrain,Crossing,Asphalt roads,Dry,Daylight,Normal,Vehicle with vehicle collision,2,1,Going straight,Not a Pedestrian,Driving carelessly,Slight Injury,10,Morning
2222,1900-01-01 10:35:00,Wednesday,31-50,unknown,Automobile,Residential areas,Two-way (divided with broken lines road marking),Tangent road with flat terrain,Crossing,Asphalt roads,Dry,Daylight,Normal,Vehicle with vehicle collision,2,1,Going straight,Not a Pedestrian,No priority to vehicle,Slight Injury,10,Morning
2223,1900-01-01 17:05:00,Tuesday,18-30,Above 10yr,Public (> 45 seats),Other,Double carriageway (median),Tangent road with flat terrain,Y Shape,Asphalt roads,Dry,Daylight,Normal,Vehicle with vehicle collision,2,1,Going straight,Not a Pedestrian,Moving Backward,Slight Injury,17,Evening
2224,1900-01-01 17:05:00,Tuesday,18-30,2-5yr,Lorry (41?100Q), Hospital areas,One way,Tangent road with flat terrain,Y Shape,Asphalt roads,Dry,Daylight,Normal,Collision with pedestrians,2,1,Going straight,Not a Pedestrian,Changing lane to the left,Slight Injury,17,Evening
2225,1900-01-01 11:00:00,Wednesday,Over 51,5-10yr,Public (> 45 seats),Other,Undivided Two way,Tangent road with flat terrain,Crossing,Earth roads,Dry,Daylight,Normal,Rollover,2,1,Turnover,Not a Pedestrian,Overturning,Slight Injury,11,Morning
2226,1900-01-01 11:00:00,Wednesday,31-50,2-5yr,Automobile,Other,Undivided Two way,Tangent road with flat terrain,Crossing,Asphalt roads,Dry,Daylight,Normal,Vehicle with vehicle collision,2,1,Going straight,Not a Pedestrian,No distancing,Slight Injury,11,Morning
2227,1900-01-01 18:10:00,Wednesday,31-50,1-2yr,Automobile,  Recreational areas,One way,Tangent road with mild grade and flat terrain,Y Shape,,Dry,Daylight,Normal,Rollover,2,1,Going straight,Not a Pedestrian,Driving carelessly,Serious Injury,18,Evening
2228,1900-01-01 18:10:00,Wednesday,31-50,5-10yr,Automobile,Other,Undivided Two way,Tangent road with flat terrain,Y Shape,,Dry,Daylight,Normal,Vehicle with vehicle collision,2,1,Moving Backward,Not a Pedestrian,No distancing,Serious Injury,18,Evening
2229,1900-01-01 15:25:00,Tuesday,31-50,2-5yr,Automobile,Other,Undivided Two way,Tangent road with flat terrain,No junction,Asphalt roads,Dry,Daylight,Normal,Vehicle with vehicle collision,2,1,Going straight,Not a Pedestrian,Changing lane to the left,Slight Injury,15,Afternoon
2230,1900-01-01 15:25:00,Tuesday,18-30,5-10yr,Lorry (41?100Q),Other,Undivided Two way,Tangent road with flat terrain,No junction,Earth roads,Dry,Daylight,Normal,Vehicle with vehicle collision,2,1,Moving Backward,Not a Pedestrian,No priority to pedestrian,Slight Injury,15,Afternoon
2231,1900-01-01 19:00:00,Thursday,Over 51,5-10yr,Automobile,Office areas,Two-way (divided with broken lines road marking),Tangent road with flat terrain,No junction,Asphalt roads,Dry,Daylight,Normal,Fall from vehicles,2,1,Going straight,Not a Pedestrian,No distancing,Slight Injury,19,Evening
2232,1900-01-01 19:00:00,Thursday,Unknown,2-5yr,Public (13?45 seats),Other,Two-way (divided with broken lines road marking),Tangent road with mild grade and flat terrain,No junction,Asphalt roads,Dry,Daylight,Normal,Vehicle with vehicle collision,2,1,Going straight,Not a Pedestrian,No distancing,Slight Injury,19,Evening
2233,1900-01-01 08:21:00,Thursday,18-30,2-5yr,Automobile,Residential areas,Two-way (divided with broken lines road marking),Tangent road with flat terrain,Y Shape,Earth roads,Wet or damp,Daylight,Raining,Collision with roadside objects,2,1,Going straight,Not a Pedestrian,Changing lane to the left,Slight Injury,8,Morning
2234,1900-01-01 08:21:00,Thursday,18-30,2-5yr,Public (> 45 seats),Other,Undivided Two way,Tangent road with flat terrain,Y Shape,Asphalt roads,Wet or damp,Daylight,Raining,Vehicle with vehicle collision,2,1,Going straight,Not a Pedestrian,No distancing,Slight Injury,8,Morning
2235,1900-01-01 08:30:00,Thursday,18-30,5-10yr,Lorry (41?100Q),Other,Undivided Two way,Tangent road with flat terrain,Crossing,Asphalt roads,Dry,Daylight,Normal,Vehicle with vehicle collision,2,1,U-Turn,Not a Pedestrian,Changing lane to the left,Slight Injury,8,Morning
2236,1900-01-01 08:30:00,Thursday,18-30,1-2yr,Automobile, Church areas,Undivided Two way,Tangent road with flat terrain,Crossing,Asphalt roads,Dry,Daylight,Normal,Vehicle with vehicle collision,2,1,Going straight,Crossing from driver's nearside,No distancing,Slight Injury,8,Morning
2237,1900-01-01 18:21:00,Sunday,18-30,2-5yr,Lorry (11?40Q),Office areas,Undivided Two way,Tangent road with flat terrain,Y Shape,Asphalt roads,Dry,Daylight,Normal,Collision with pedestrians,2,1,Going straight,Not a Pedestrian,No distancing,Slight Injury,18,Evening
2238,1900-01-01 18:21:00,Sunday,Over 51,2-5yr,Public (13?45 seats),School areas,other,Tangent road with flat terrain,Y Shape,Asphalt roads,Dry,Daylight,Normal,Vehicle with vehicle collision,2,1,Going straight,Not a Pedestrian,No distancing,Slight Injury,18,Evening
2239,1900-01-01 18:40:00,Saturday,31-50,5-10yr,Public (13?45 seats),Other,Undivided Two way,Tangent road with flat terrain,Y Shape,Asphalt roads,Dry,Daylight,Normal,Vehicle with vehicle collision,2,1,Going straight,Not a Pedestrian,Changing lane to the left,Slight Injury,18,Evening
2240,1900-01-01 18:40:00,Saturday,18-30,1-2yr,Automobile,Office areas,Undivided Two way,Tangent road with flat terrain,Y Shape,Asphalt roads,Dry,Daylight,Normal,Vehicle with vehicle collision,2,1,Going straight,Not a Pedestrian,Changing lane to the right,Slight Injury,18,Evening
2241,1900-01-01 04:02:00,Sunday,Unknown,Below 1yr,Long lorry,Residential areas,other,Steep grade downward with mountainous terrain,Crossing,Asphalt roads,Dry,Darkness - lights lit,Normal,Rollover,2,3,Going straight,Not a Pedestrian,Moving Backward,Slight Injury,4,Morning
2242,1900-01-01 04:02:00,Sunday,Unknown,1-2yr,Lorry (41?100Q), Industrial areas,One way,Tangent road with flat terrain,Crossing,Asphalt roads,Dry,Darkness - lights lit,Normal,Collision with roadside objects,2,3,Stopping,Not a Pedestrian,Changing lane to the right,Slight Injury,4,Morning
2243,1900-01-01 04:02:00,Sunday,Unknown,1-2yr,Lorry (11?40Q),Other,Undivided Two way,Tangent road with flat terrain,Crossing,Asphalt roads,Dry,Darkness - lights lit,Normal,Vehicle with vehicle collision,2,3,Turnover,Not a Pedestrian,No distancing,Slight Injury,4,Morning
2244,1900-01-01 04:02:00,Sunday,31-50,Above 10yr,Lorry (41?100Q),Residential areas,Undivided Two way,Tangent road with flat terrain,Crossing,Asphalt roads,Dry,Darkness - lights lit,Normal,Vehicle with vehicle collision,2,3,Getting off,Not a Pedestrian,Overtaking,Slight Injury,4,Morning
2245,1900-01-01 12:47:00,Saturday,31-50,1-2yr,Public (12 seats),  Recreational areas,Two-way (divided with broken lines road marking),Tangent road with flat terrain,No junction,Asphalt roads,Dry,Daylight,Normal,Collision with roadside objects,1,1,Moving Backward,Not a Pedestrian,Other,Slight Injury,12,Afternoon
2246,1900-01-01 09:20:00,Friday,31-50,2-5yr,Automobile,Office areas,other,Tangent road with flat terrain,Y Shape,Asphalt roads with some distress,Dry,Daylight,Normal,Vehicle with vehicle collision,1,1,Moving Backward,Not a Pedestrian,Other,Slight Injury,9,Morning
2247,1900-01-01 14:23:00,Sunday,18-30,2-5yr,Taxi, Outside rural areas,Two-way (divided with broken lines road marking),Tangent road with flat terrain,No junction,Asphalt roads,Dry,Daylight,Normal,Vehicle with vehicle collision,2,1,Going straight,Not a Pedestrian,Changing lane to the right,Slight Injury,14,Afternoon
2248,1900-01-01 14:23:00,Sunday,Unknown,Above 10yr,Automobile, Outside rural areas,Two-way (divided with broken lines road marking),Tangent road with flat terrain,No junction,Asphalt roads,Dry,Daylight,Normal,Vehicle with vehicle collision,2,1,Turnover,Not a Pedestrian,No priority to pedestrian,Slight Injury,14,Afternoon
2249,1900-01-01 14:32:00,Monday,31-50,5-10yr,Automobile, Outside rural areas,Undivided Two way,Tangent road with flat terrain,Crossing,Asphalt roads,Dry,Daylight,Normal,Rollover,2,4,Going straight,Not a Pedestrian,No priority to vehicle,Slight Injury,14,Afternoon
2250,1900-01-01 14:32:00,Monday,31-50,1-2yr,Automobile, Outside rural areas,Undivided Two way,Tangent road with flat terrain,Crossing,Asphalt roads,Dry,Daylight,Normal,Rollover,2,4,Going straight,Not a Pedestrian,Changing lane to the left,Slight Injury,14,Afternoon
2251,1900-01-01 14:32:00,Monday,Over 51,5-10yr,Lorry (41?100Q), Outside rural areas,other,Steep grade downward with mountainous terrain,Crossing,Asphalt roads,Dry,Daylight,Normal,Collision with pedestrians,2,4,U-Turn,Not a Pedestrian,Changing lane to the left,Slight Injury,14,Afternoon
2252,1900-01-01 14:32:00,Monday,Over 51,2-5yr,Automobile,School areas,other,Steep grade downward with mountainous terrain,Crossing,Asphalt roads,Dry,Daylight,Normal,Vehicle with vehicle collision,2,4,Going straight,Not a Pedestrian,Overtaking,Slight Injury,14,Afternoon
2253,1900-01-01 08:40:00,Wednesday,18-30,1-2yr,Automobile, Outside rural areas,Two-way (divided with broken lines road marking),Tangent road with flat terrain,Y Shape,Asphalt roads,Dry,Daylight,Normal,Vehicle with vehicle collision,2,1,Going straight,Not a Pedestrian,No distancing,Slight Injury,8,Morning
2254,1900-01-01 08:40:00,Wednesday,Unknown,Above 10yr,Lorry (41?100Q), Outside rural areas,Undivided Two way,Tangent road with flat terrain,Y Shape,Asphalt roads,Dry,Daylight,Normal,Vehicle with vehicle collision,2,1,U-Turn,Not a Pedestrian,No priority to vehicle,Slight Injury,8,Morning
2255,1900-01-01 18:33:00,Tuesday,18-30,2-5yr,Automobile, Outside rural areas,Two-way (divided with broken lines road marking),Escarpments,Crossing,Asphalt roads,Dry,Daylight,Normal,Collision with pedestrians,2,1,Stopping,Not a Pedestrian,Changing lane to the right,Slight Injury,18,Evening
2256,1900-01-01 18:33:00,Tuesday,18-30,5-10yr,Automobile, Outside rural areas,Two-way (divided with broken lines road marking),Tangent road with mountainous terrain and,Crossing,Asphalt roads,Dry,Daylight,Normal,Collision with pedestrians,2,1,Going straight,Not a Pedestrian,Changing lane to the left,Slight Injury,18,Evening