,Time,Day_of_week,Age_band_of_driver,Driving_experience,Type_of_vehicle,Area_accident_occured,Lanes_or_Medians,Road_allignment,Types_of_Junction,Road_surface_type,Road_surface_conditions,Light_conditions,Weather_conditions,Type_of_collision,Number_of_vehicles_involved,Number_of_casualties,Vehicle_movement,Pedestrian_movement,Cause_of_accident,Accident_severity,Hour,TimeLine
2257,1900-01-01 10:50:00,Thursday,18-30,1-2yr,Automobile,Office areas,Undivided Two way,Tangent road with mountainous terrain and,Y Shape,Asphalt roads,Dry,Daylight,Normal,Vehicle with vehicle collision,2,1,Moving Backward,Not a Pedestrian,No distancing,Slight Injury,10,Morning
2258,1900-01-01 10:50:00,Thursday,Unknown,5-10yr,Taxi, Outside rural areas,Undivided Two way,Tangent road with mountainous terrain and,Y Shape,Asphalt roads,Dry,Daylight,Normal,Vehicle with vehicle collision,2,1,Getting off,Not a Pedestrian,Driving carelessly,Slight Injury,10,Morning
2259,1900-01-01 17:25:00,Wednesday,31-50,5-10yr,Automobile, Outside rural areas,Undivided Two way,Tangent road with mountainous terrain and,O Shape,Asphalt roads,Dry,Daylight,Normal,Vehicle with vehicle collision,2,1,Going straight,Not a Pedestrian,No priority to pedestrian,Slight Injury,17,Evening
2260,1900-01-01 17:25:00,Wednesday,31-50,5-10yr,Automobile, Outside rural areas,Undivided Two way,Tangent road with flat terrain,O Shape,Asphalt roads,Dry,Daylight,Normal,Collision with roadside objects,2,1,Going straight,Not a Pedestrian,Driving carelessly,Slight Injury,17,Evening
2261,1900-01-01 09:20:00,Wednesday,31-50,2-5yr,Automobile,Office areas,Undivided Two way,Tangent road with flat terrain,Y Shape,Asphalt roads,Dry,Daylight,Normal,Vehicle with vehicle collision,2,1,Turnover,Not a Pedestrian,Moving Backward,Slight Injury,9,Morning
2262,1900-01-01 09:20:00,Wednesday,31-50,5-10yr,Pick up upto 10Q,  Recreational areas,Undivided Two way,Tangent road with flat terrain,Y Shape,Asphalt roads,Dry,Daylight,Normal,Collision with roadside objects,2,1,Moving Backward,Not a Pedestrian,No distancing,Slight Injury,9,Morning
2263,1900-01-01 11:00:00,Wednesday,31-50,2-5yr,Automobile,Office areas,Undivided Two way,Tangent road with flat terrain,Y Shape,Asphalt roads,Dry,Daylight,Normal,Vehicle with vehicle collision,2,1,Going straight,Not a Pedestrian,No distancing,Slight Injury,11,Morning
2264,1900-01-01 11:00:00,Wednesday,18-30,1-2yr,Automobile,Other,Two-way (divided with broken lines road marking),Tangent road with mild grade and flat terrain,Y Shape,Asphalt roads,Dry,Daylight,Normal,Vehicle with vehicle collision,2,1,Moving Backward,Not a Pedestrian,No distancing,Slight Injury,11,Morning
2265,1900-01-01 11:35:00,Tuesday,18-30,1-2yr,Public (12 seats),Residential areas,Two-way (divided with broken lines road marking),Tangent road with flat terrain,Y Shape,Asphalt roads,Dry,Daylight,Normal,Collision with roadside objects,2,1,Going straight,Not a Pedestrian,Changing lane to the left,Slight Injury,11,Morning
2266,1900-01-01 11:35:00,Tuesday,Unknown,5-10yr,Public (13?45 seats),Residential areas,other,Tangent road with flat terrain,Y Shape,Gravel roads,Dry,Daylight,Normal,Vehicle with vehicle collision,2,1,Going straight,Not a Pedestrian,Changing lane to the left,Slight Injury,11,Morning
2267,1900-01-01 12:30:00,Tuesday,31-50,unknown,Lorry (11?40Q),Residential areas,Undivided Two way,Tangent road with flat terrain,Y Shape,Asphalt roads,Dry,Daylight,Normal,Vehicle with vehicle collision,2,1,Going straight,Crossing from nearside - masked by parked or statioNot a Pedestrianry vehicle,Moving Backward,Serious Injury,12,Afternoon
2268,1900-01-01 12:30:00,Tuesday,Unknown,5-10yr,Stationwagen,Other,Undivided Two way,Tangent road with flat terrain,Y Shape,Asphalt roads,Dry,Daylight,Normal,Collision with roadside objects,2,1,Going straight,Not a Pedestrian,Changing lane to the right,Serious Injury,12,Afternoon
2269,1900-01-01 18:35:00,Thursday,31-50,1-2yr,Ridden horse,Office areas,Two-way (divided with broken lines road marking),Tangent road with flat terrain,No junction,Asphalt roads,Dry,Darkness - lights lit,Normal,Collision with roadside objects,2,1,Going straight,Not a Pedestrian,No priority to vehicle,Slight Injury,18,Evening
2270,1900-01-01 18:35:00,Thursday,31-50,2-5yr,Stationwagen,Other,Two-way (divided with broken lines road marking),Tangent road with flat terrain,No junction,Asphalt roads,Dry,Darkness - lights lit,Normal,Vehicle with vehicle collision,2,1,Going straight,Not a Pedestrian,Moving Backward,Slight Injury,18,Evening
2271,1900-01-01 16:30:00,Saturday,31-50,Above 10yr,Automobile,Other,other,Tangent road with flat terrain,No junction,Asphalt roads,Dry,Daylight,Normal,Vehicle with vehicle collision,2,1,Going straight,Not a Pedestrian,Driving carelessly,Slight Injury,16,Evening
2272,1900-01-01 16:30:00,Saturday,18-30,5-10yr,Automobile,Office areas,Two-way (divided with broken lines road marking),Tangent road with flat terrain,No junction,Asphalt roads,Dry,Daylight,Normal,Vehicle with vehicle collision,2,1,Going straight,Unknown or other,Driving carelessly,Slight Injury,16,Evening
2273,1900-01-01 21:25:00,Saturday,31-50,1-2yr,Other, Church areas,other,Tangent road with flat terrain,Crossing,Asphalt roads,Dry,Darkness - lights lit,Normal,Vehicle with vehicle collision,2,1,Going straight,Not a Pedestrian,Driving under the influence of drugs,Slight Injury,21,Night
2274,1900-01-01 21:25:00,Saturday,18-30,Above 10yr,Taxi,Other,Two-way (divided with broken lines road marking),Tangent road with flat terrain,Crossing,Asphalt roads,Dry,Darkness - lights lit,Normal,Vehicle with vehicle collision,2,1,Going straight,Not a Pedestrian,No priority to pedestrian,Slight Injury,21,Night
2275,1900-01-01 21:20:00,Saturday,31-50,1-2yr,Automobile,Other,One way,Tangent road with flat terrain,Y Shape,Asphalt roads,Dry,Darkness - lights lit,Normal,Vehicle with vehicle collision,1,1,Going straight,Not a Pedestrian,No priority to vehicle,Slight Injury,21,Night
2276,1900-01-01 08:43:00,Tuesday,Over 51,2-5yr,Stationwagen,Office areas,Double carriageway (median),Tangent road with flat terrain,Y Shape,Asphalt roads,Dry,Daylight,Normal,Vehicle with vehicle collision,1,1,Other,Not a Pedestrian,Driving carelessly,Slight Injury,8,Morning
2277,1900-01-01 16:49:00,Tuesday,18-30,Above 10yr,Automobile,Office areas,One way,Tangent road with mild grade and flat terrain,Y Shape,Asphalt roads,Dry,Daylight,Normal,Vehicle with vehicle collision,2,1,Other,Not a Pedestrian,Moving Backward,Slight Injury,16,Evening
2278,1900-01-01 16:49:00,Tuesday,Unknown,2-5yr,Public (12 seats),Office areas,Undivided Two way,Tangent road with flat terrain,Y Shape,Asphalt roads,Dry,Daylight,Normal,Vehicle with vehicle collision,2,1,Going straight,Not a Pedestrian,Driving carelessly,Slight Injury,16,Evening
2279,1900-01-01 15:30:00,Thursday,31-50,5-10yr,Automobile,Office areas,Double carriageway (median),Tangent road with flat terrain,Crossing,Asphalt roads,Dry,Daylight,Normal,Vehicle with vehicle collision,2,1,Going straight,Not a Pedestrian,No priority to vehicle,Slight Injury,15,Afternoon
2280,1900-01-01 15:30:00,Thursday,18-30,5-10yr,Automobile,Other,Two-way (divided with broken lines road marking),Tangent road with flat terrain,Crossing,Asphalt roads,Dry,Daylight,Normal,Vehicle with vehicle collision,2,1,Getting off,Not a Pedestrian,Changing lane to the right,Slight Injury,15,Afternoon
2281,1900-01-01 18:57:00,Thursday,18-30,1-2yr,Lorry (41?100Q),Office areas,Undivided Two way,Tangent road with flat terrain,Crossing,Gravel roads,Dry,Darkness - lights lit,Normal,Vehicle with vehicle collision,2,1,Going straight,Not a Pedestrian,Changing lane to the left,Slight Injury,18,Evening
2282,1900-01-01 18:57:00,Thursday,18-30,5-10yr,Automobile,Other,Two-way (divided with broken lines road marking),Tangent road with flat terrain,Crossing,Asphalt roads,Dry,Darkness - lights lit,Normal,Vehicle with vehicle collision,2,1,Going straight,Not a Pedestrian,No priority to vehicle,Slight Injury,18,Evening
2283,1900-01-01 17:00:00,Thursday,Unknown,5-10yr,Public (> 45 seats),Other,Double carriageway (median),Tangent road with flat terrain,No junction,Asphalt roads,Dry,Daylight,Normal,Vehicle with vehicle collision,2,1,Going straight,Not a Pedestrian,Driving carelessly,Serious Injury,17,Evening
2284,1900-01-01 17:00:00,Thursday,Over 51,1-2yr,Automobile,Other,Two-way (divided with broken lines road marking),Tangent road with flat terrain,No junction,Asphalt roads,Dry,Daylight,Normal,Vehicle with vehicle collision,2,1,Going straight,Not a Pedestrian,Moving Backward,Serious Injury,17,Evening
2285,1900-01-01 16:50:00,Friday,Over 51,5-10yr,Public (12 seats),Office areas,Two-way (divided with broken lines road marking),Tangent road with flat terrain,Y Shape,Asphalt roads,Dry,Darkness - lights lit,Normal,Vehicle with vehicle collision,2,1,Going straight,Not a Pedestrian,No distancing,Slight Injury,16,Evening
2286,1900-01-01 16:50:00,Friday,18-30,5-10yr,Public (12 seats),Office areas,Two-way (divided with broken lines road marking),Tangent road with flat terrain,Y Shape,Earth roads,Dry,Darkness - lights lit,Normal,Vehicle with vehicle collision,2,1,Getting off,Not a Pedestrian,Changing lane to the left,Slight Injury,16,Evening
2287,1900-01-01 08:03:00,Monday,31-50,2-5yr,Automobile,Office areas,Two-way (divided with broken lines road marking),Tangent road with flat terrain,No junction,Asphalt roads,Dry,Daylight,Normal,Vehicle with vehicle collision,2,1,Going straight,Crossing from nearside - masked by parked or statioNot a Pedestrianry vehicle,Changing lane to the left,Slight Injury,8,Morning
2288,1900-01-01 08:03:00,Monday,31-50,1-2yr,Automobile,Office areas,Two-way (divided with broken lines road marking),Tangent road with flat terrain,No junction,Asphalt roads,Dry,Daylight,Normal,Collision with roadside objects,2,1,Going straight,Not a Pedestrian,No distancing,Slight Injury,8,Morning
2289,1900-01-01 16:40:00,Monday,31-50,5-10yr,Automobile, Church areas,Undivided Two way,Tangent road with flat terrain,Y Shape,,Dry,Daylight,Normal,Vehicle with vehicle collision,2,1,Other,Not a Pedestrian,Changing lane to the left,Slight Injury,16,Evening
2290,1900-01-01 16:40:00,Monday,31-50,Below 1yr,Lorry (41?100Q),Office areas,Two-way (divided with broken lines road marking),Tangent road with flat terrain,Y Shape,Gravel roads,Dry,Daylight,Normal,Collision with pedestrians,2,1,Going straight,Crossing from driver's nearside,Driving carelessly,Slight Injury,16,Evening
2291,1900-01-01 07:40:00,Monday,18-30,5-10yr,Public (12 seats),Residential areas,Two-way (divided with broken lines road marking),Tangent road with flat terrain,Crossing,Asphalt roads,Dry,Daylight,Normal,Vehicle with vehicle collision,2,1,Going straight,Not a Pedestrian,Changing lane to the left,Slight Injury,7,Morning
2292,1900-01-01 07:40:00,Monday,Unknown,5-10yr,Lorry (11?40Q),School areas,Two-way (divided with broken lines road marking),Tangent road with flat terrain,Crossing,,Dry,Daylight,Normal,Collision with roadside objects,2,1,Going straight,Not a Pedestrian,No distancing,Slight Injury,7,Morning
2293,1900-01-01 04:46:00,Tuesday,Under 18,5-10yr,Automobile,Office areas,Undivided Two way,Tangent road with flat terrain,Crossing,Asphalt roads,Dry,Darkness - lights lit,Normal,Vehicle with vehicle collision,2,1,Going straight,Not a Pedestrian,Changing lane to the right,Slight Injury,4,Morning
2294,1900-01-01 04:46:00,Tuesday,31-50,5-10yr,Automobile,Other,Undivided Two way,Tangent road with flat terrain,Crossing,Earth roads,Dry,Darkness - lights lit,Normal,Vehicle with vehicle collision,2,1,Going straight,Not a Pedestrian,No distancing,Slight Injury,4,Morning
2295,1900-01-01 14:19:00,Tuesday,31-50,2-5yr,Automobile,Other,Double carriageway (median),Tangent road with flat terrain,Y Shape,Asphalt roads,Dry,Daylight,Normal,Vehicle with vehicle collision,2,1,Reversing,Unknown or other,Driving to the left,Slight Injury,14,Afternoon
2296,1900-01-01 14:19:00,Tuesday,31-50,5-10yr,Bajaj,Other,Double carriageway (median),Tangent road with flat terrain,Y Shape,Asphalt roads,Dry,Daylight,Normal,Vehicle with vehicle collision,2,1,Other,Not a Pedestrian,No distancing,Slight Injury,14,Afternoon
2297,1900-01-01 18:15:00,Tuesday,18-30,Above 10yr,Public (12 seats),Other,Two-way (divided with broken lines road marking),Tangent road with flat terrain,O Shape,Asphalt roads,Dry,Daylight,Normal,Vehicle with vehicle collision,2,1,Going straight,Not a Pedestrian,Overtaking,Slight Injury,18,Evening
2298,1900-01-01 18:15:00,Tuesday,Unknown,Below 1yr,Lorry (11?40Q),Office areas,Double carriageway (median),Tangent road with mild grade and flat terrain,O Shape,Asphalt roads,Dry,Daylight,Normal,Rollover,2,1,Going straight,Not a Pedestrian,Driving under the influence of drugs,Slight Injury,18,Evening
2299,1900-01-01 07:50:00,Tuesday,31-50,5-10yr,Automobile,Office areas,Two-way (divided with broken lines road marking),Tangent road with flat terrain,Crossing,Asphalt roads,Dry,Daylight,Normal,Collision with roadside objects,2,1,Going straight,Not a Pedestrian,No priority to pedestrian,Slight Injury,7,Morning
2300,1900-01-01 07:50:00,Tuesday,18-30,2-5yr,Public (> 45 seats),Office areas,Two-way (divided with broken lines road marking),Tangent road with mild grade and flat terrain,Crossing,Earth roads,Dry,Daylight,Normal,Vehicle with vehicle collision,2,1,Going straight,Not a Pedestrian,Moving Backward,Slight Injury,7,Morning
2301,1900-01-01 08:20:00,Wednesday,18-30,2-5yr,Lorry (41?100Q),Office areas,Two-way (divided with broken lines road marking),Tangent road with mild grade and flat terrain,No junction,Asphalt roads,Dry,Daylight,Normal,Collision with roadside objects,2,1,Going straight,Not a Pedestrian,Changing lane to the right,Slight Injury,8,Morning
2302,1900-01-01 08:20:00,Wednesday,31-50,1-2yr,Public (> 45 seats),Office areas,One way,Tangent road with flat terrain,No junction,Asphalt roads,Dry,Daylight,Normal,Vehicle with vehicle collision,2,1,Going straight,Not a Pedestrian,Changing lane to the left,Slight Injury,8,Morning
2303,1900-01-01 15:30:00,Wednesday,18-30,2-5yr,Automobile,Office areas,Two-way (divided with broken lines road marking),Tangent road with flat terrain,Y Shape,Asphalt roads,Dry,Daylight,Normal,Vehicle with vehicle collision,1,1,Going straight,Not a Pedestrian,Changing lane to the right,Slight Injury,15,Afternoon
2304,1900-01-01 16:47:00,Wednesday,Over 51,2-5yr,Automobile,Office areas,Two-way (divided with broken lines road marking),Tangent road with flat terrain,Crossing,Asphalt roads,Dry,Daylight,Normal,Vehicle with vehicle collision,2,1,Going straight,Not a Pedestrian,Driving under the influence of drugs,Slight Injury,16,Evening
2305,1900-01-01 16:47:00,Wednesday,31-50,Above 10yr,Automobile,Other,Undivided Two way,Tangent road with flat terrain,Crossing,Asphalt roads,Dry,Daylight,Normal,Vehicle with vehicle collision,2,1,Going straight,Not a Pedestrian,No priority to vehicle,Slight Injury,16,Evening
2306,1900-01-01 23:50:00,Wednesday,18-30,Below 1yr,Automobile,Other,Two-way (divided with broken lines road marking),Tangent road with flat terrain,Y Shape,Asphalt roads,Dry,Darkness - lights lit,Normal,Vehicle with vehicle collision,1,1,Moving Backward,Not a Pedestrian,No priority to vehicle,Slight Injury,23,Night
2307,1900-01-01 14:30:00,Wednesday,31-50,2-5yr,Lorry (41?100Q),Residential areas,Two-way (divided with broken lines road marking),Tangent road with flat terrain,Y Shape,Asphalt roads,Dry,Daylight,Normal,Collision with roadside objects,1,1,Moving Backward,Crossing from nearside - masked by parked or statioNot a Pedestrianry vehicle,Changing lane to the left,Slight Injury,14,Afternoon
2308,1900-01-01 08:10:00,Friday,31-50,Above 10yr,Automobile,Other,Two-way (divided with broken lines road marking),Tangent road with flat terrain,Y Shape,Asphalt roads,Dry,Daylight,Normal,Vehicle with vehicle collision,2,1,Turnover,Crossing from nearside - masked by parked or statioNot a Pedestrianry vehicle,Changing lane to the right,Slight Injury,8,Morning
2309,1900-01-01 08:10:00,Friday,18-30,Above 10yr,Public (13?45 seats),Other,Two-way (divided with broken lines road marking),Tangent road with flat terrain,Y Shape,Asphalt roads,Dry,Daylight,Normal,Collision with roadside objects,2,1,Other,Crossing from driver's nearside,Changing lane to the right,Slight Injury,8,Morning
2310,1900-01-01 21:12:00,Wednesday,Over 51,5-10yr,Automobile,Other,Two-way (divided with broken lines road marking),Tangent road with flat terrain,Crossing,Asphalt roads,Wet or damp,Darkness - lights lit,Raining,Vehicle with vehicle collision,2,2,Other,Not a Pedestrian,Changing lane to the left,Slight Injury,21,Night
2311,1900-01-01 21:12:00,Wednesday,Over 51,Above 10yr,Public (> 45 seats),Other,Undivided Two way,Tangent road with flat terrain,Crossing,Asphalt roads,Wet or damp,Darkness - lights lit,Raining,Vehicle with vehicle collision,2,2,Going straight,Not a Pedestrian,Changing lane to the left,Slight Injury,21,Night
2312,1900-01-01 21:12:00,Wednesday,Unknown,1-2yr,Lorry (41?100Q), Industrial areas,Undivided Two way,Tangent road with flat terrain,Crossing,Earth roads,Wet or damp,Darkness - lights lit,Raining,Vehicle with vehicle collision,2,2,Going straight,Not a Pedestrian,Getting off the vehicle improperly,Slight Injury,21,Night
2313,1900-01-01 19:10:00,Saturday,18-30,2-5yr,Automobile, Industrial areas,Undivided Two way,Tangent road with flat terrain,Crossing,Asphalt roads,Dry,Darkness - lights lit,Normal,Vehicle with vehicle collision,2,1,Other,Not a Pedestrian,Overtaking,Slight Injury,19,Evening
2314,1900-01-01 19:10:00,Saturday,Unknown,2-5yr,Lorry (11?40Q), Church areas,Double carriageway (median),Tangent road with flat terrain,Crossing,Asphalt roads,Dry,Darkness - lights lit,Normal,Vehicle with vehicle collision,2,1,Other,Not a Pedestrian,Changing lane to the left,Slight Injury,19,Evening
2315,1900-01-01 11:56:00,Sunday,18-30,5-10yr,Public (13?45 seats),Other,Undivided Two way,Tangent road with flat terrain,Y Shape,Asphalt roads,Dry,Daylight,Normal,Vehicle with vehicle collision,2,1,Going straight,Not a Pedestrian,Driving under the influence of drugs,Slight Injury,11,Morning
2316,1900-01-01 11:56:00,Sunday,Over 51,5-10yr,Public (13?45 seats),Other,Undivided Two way,Tangent road with flat terrain,Y Shape,Asphalt roads,Dry,Daylight,Normal,Vehicle with vehicle collision,2,1,Reversing,Not a Pedestrian,Driving carelessly,Slight Injury,11,Morning
2317,1900-01-01 19:08:00,Friday,18-30,5-10yr,Automobile,Office areas,Undivided Two way,Tangent road with flat terrain,No junction,Other,Dry,Darkness - lights lit,Normal,Vehicle with vehicle collision,1,1,Other,Not a Pedestrian,Moving Backward,Slight Injury,19,Evening
2318,1900-01-01 07:14:00,Friday,18-30,Above 10yr,Long lorry,Office areas,Undivided Two way,Tangent road with flat terrain,Crossing,Gravel roads,Dry,Daylight,Normal,Vehicle with vehicle collision,2,1,Turnover,Not a Pedestrian,No distancing,Slight Injury,7,Morning
2319,1900-01-01 07:14:00,Friday,31-50,Below 1yr,Lorry (41?100Q),Residential areas,Two-way (divided with broken lines road marking),Tangent road with flat terrain,Crossing,Gravel roads,Dry,Daylight,Normal,Vehicle with vehicle collision,2,1,Going straight,Not a Pedestrian,No priority to vehicle,Slight Injury,7,Morning
2320,1900-01-01 14:30:00,Friday,Unknown,Below 1yr,Lorry (11?40Q), Industrial areas,Undivided Two way,Tangent road with flat terrain,No junction,Asphalt roads,Dry,Daylight,Normal,Vehicle with vehicle collision,2,1,Going straight,Not a Pedestrian,Overturning,Slight Injury,14,Afternoon
2321,1900-01-01 14:30:00,Friday,31-50,Above 10yr,Lorry (41?100Q),Office areas,Undivided Two way,Tangent road with flat terrain,No junction,Asphalt roads,Dry,Daylight,Normal,Rollover,2,1,Going straight,Not a Pedestrian,Changing lane to the left,Slight Injury,14,Afternoon
2322,1900-01-01 07:55:00,Monday,18-30,5-10yr,Public (12 seats),Other,Undivided Two way,Tangent road with flat terrain,Crossing,Earth roads,Dry,Daylight,Normal,Collision with roadside objects,2,1,Going straight,Not a Pedestrian,No distancing,Slight Injury,7,Morning
2323,1900-01-01 07:55:00,Monday,18-30,5-10yr,Automobile,Other,Two-way (divided with broken lines road marking),Tangent road with flat terrain,Crossing,Asphalt roads,Dry,Daylight,Normal,Vehicle with vehicle collision,2,1,Going straight,Not a Pedestrian,Moving Backward,Slight Injury,7,Morning
2324,1900-01-01 13:35:00,Monday,31-50,2-5yr,Taxi,Residential areas,Undivided Two way,Tangent road with flat terrain,Y Shape,Asphalt roads,Dry,Daylight,Normal,Vehicle with vehicle collision,2,1,Going straight,Not a Pedestrian,No priority to vehicle,Serious Injury,13,Afternoon
2325,1900-01-01 13:35:00,Monday,Over 51,2-5yr,Automobile,Office areas,Two-way (divided with broken lines road marking),Tangent road with flat terrain,Y Shape,Asphalt roads,Dry,Daylight,Normal,Collision with roadside objects,2,1,Going straight,Not a Pedestrian,No priority to vehicle,Serious Injury,13,Afternoon
2326,1900-01-01 12:37:00,Saturday,31-50,5-10yr,Automobile,Residential areas,other,Tangent road with flat terrain,Y Shape,Asphalt roads,Dry,Daylight,Normal,Vehicle with vehicle collision,1,1,Going straight,Unknown or other,No distancing,Slight Injury,12,Afternoon
2327,1900-01-01 11:25:00,Friday,Unknown,2-5yr,Automobile,Office areas,Two-way (divided with broken lines road marking),Tangent road with flat terrain,Crossing,Earth roads,Dry,Daylight,Normal,Vehicle with vehicle collision,1,1,Going straight,Not a Pedestrian,No distancing,Slight Injury,11,Morning
2328,1900-01-01 18:23:00,Wednesday,31-50,5-10yr,Lorry (41?100Q), Church areas,Two-way (divided with broken lines road marking),Tangent road with flat terrain,Y Shape,Asphalt roads,Dry,Darkness - lights lit,Normal,Vehicle with vehicle collision,1,1,Other,Not a Pedestrian,Overtaking,Slight Injury,18,Evening
2329,1900-01-01 21:09:00,Wednesday,31-50,2-5yr,Automobile,Residential areas,Two-way (divided with broken lines road marking),Tangent road with flat terrain,Crossing,Asphalt roads,Dry,Darkness - lights lit,Normal,Rollover,2,1,Going straight,Not a Pedestrian,Driving under the influence of drugs,Slight Injury,21,Night
2330,1900-01-01 21:09:00,Wednesday,18-30,5-10yr,Automobile,School areas,other,Tangent road with flat terrain,Crossing,Asphalt roads,Dry,Darkness - lights lit,Normal,Rollover,2,1,Going straight,Not a Pedestrian,Changing lane to the right,Slight Injury,21,Night
2331,1900-01-01 15:23:00,Wednesday,31-50,2-5yr,Lorry (41?100Q), Hospital areas,other,Steep grade downward with mountainous terrain,Y Shape,Asphalt roads,Wet or damp,Daylight,Raining,Collision with pedestrians,3,1,Moving Backward,Not a Pedestrian,Changing lane to the left,Serious Injury,15,Afternoon
2332,1900-01-01 15:23:00,Wednesday,31-50,1-2yr,Automobile,Other,Undivided Two way,Tangent road with flat terrain,Y Shape,Asphalt roads,Wet or damp,Daylight,Raining,Vehicle with vehicle collision,3,1,Going straight,Not a Pedestrian,Driving carelessly,Serious Injury,15,Afternoon
2333,1900-01-01 15:23:00,Wednesday,Over 51,5-10yr,Automobile,School areas,Double carriageway (median),Tangent road with flat terrain,Y Shape,Asphalt roads,Wet or damp,Daylight,Raining,Vehicle with vehicle collision,3,1,Moving Backward,Not a Pedestrian,Moving Backward,Serious Injury,15,Afternoon
2334,1900-01-01 12:30:00,Wednesday,31-50,1-2yr,Automobile,Other,other,Tangent road with flat terrain,No junction,Asphalt roads,Dry,Daylight,Normal,Vehicle with vehicle collision,2,1,Other,Not a Pedestrian,Moving Backward,Slight Injury,12,Afternoon
2335,1900-01-01 12:30:00,Wednesday,Unknown,2-5yr,Taxi, Industrial areas,Undivided Two way,Tangent road with flat terrain,No junction,Asphalt roads,Dry,Daylight,Normal,Collision with pedestrians,2,1,Going straight,Not a Pedestrian,Changing lane to the right,Slight Injury,12,Afternoon
2336,1900-01-01 17:30:00,Tuesday,31-50,1-2yr,Automobile, Church areas,Two-way (divided with broken lines road marking),Tangent road with flat terrain,No junction,Asphalt roads,Dry,Daylight,Normal,Collision with pedestrians,2,1,Reversing,Not a Pedestrian,No priority to vehicle,Slight Injury,17,Evening
2337,1900-01-01 17:30:00,Tuesday,Unknown,Above 10yr,Automobile,Office areas,Two-way (divided with broken lines road marking),Tangent road with flat terrain,No junction,Asphalt roads,Dry,Daylight,Normal,Vehicle with vehicle collision,2,1,Going straight,Not a Pedestrian,Driving at high speed,Slight Injury,17,Evening
2338,1900-01-01 03:56:00,Sunday,31-50,2-5yr,Automobile,Other,Two-way (divided with broken lines road marking),Tangent road with flat terrain,Crossing,Earth roads,Dry,Darkness - lights lit,Normal,Vehicle with vehicle collision,2,1,Other,Not a Pedestrian,Driving under the influence of drugs,Slight Injury,3,Night
2339,1900-01-01 03:56:00,Sunday,31-50,2-5yr,Pick up upto 10Q,Office areas,Double carriageway (median),Tangent road with flat terrain,Crossing,Asphalt roads,Dry,Darkness - lights lit,Normal,Vehicle with vehicle collision,2,1,Other,Unknown or other,Changing lane to the right,Slight Injury,3,Night
2340,1900-01-01 10:40:00,Sunday,Over 51,2-5yr,Automobile,Office areas,Double carriageway (median),Tangent road with flat terrain,Y Shape,Asphalt roads,Dry,Daylight,Normal,Collision with roadside objects,2,1,Other,Not a Pedestrian,Driving carelessly,Slight Injury,10,Morning
2341,1900-01-01 10:40:00,Sunday,31-50,2-5yr,Automobile,Office areas,Double carriageway (median),Tangent road with flat terrain,Y Shape,Asphalt roads,Dry,Daylight,Normal,Vehicle with vehicle collision,2,1,Stopping,Not a Pedestrian,No distancing,Slight Injury,10,Morning
2342,1900-01-01 18:41:00,Thursday,31-50,2-5yr,Public (12 seats),Residential areas,Double carriageway (median),Tangent road with flat terrain,Crossing,Asphalt roads,Dry,Darkness - lights lit,Normal,Collision with roadside objects,2,1,Other,Not a Pedestrian,Changing lane to the left,Slight Injury,18,Evening
2343,1900-01-01 18:41:00,Thursday,18-30,2-5yr,Public (13?45 seats),Office areas,Double carriageway (median),Tangent road with flat terrain,Crossing,Earth roads,Dry,Darkness - lights lit,Normal,Vehicle with vehicle collision,2,1,Other,Not a Pedestrian,No distancing,Slight Injury,18,Evening
2344,1900-01-01 22:10:00,Thursday,18-30,5-10yr,Lorry (11?40Q),Other,Undivided Two way,Tangent road with flat terrain,No junction,Asphalt roads,Dry,Darkness - lights lit,Normal,Vehicle with vehicle collision,1,1,Other,Not a Pedestrian,No distancing,Slight Injury,22,Night
2345,1900-01-01 20:41:00,Monday,31-50,2-5yr,Stationwagen, Industrial areas,One way,Tangent road with flat terrain,Crossing,Asphalt roads,Dry,Darkness - lights lit,Normal,Collision with roadside objects,2,1,Going straight,Not a Pedestrian,Getting off the vehicle improperly,Slight Injury,20,Night
2346,1900-01-01 20:41:00,Monday,18-30,Above 10yr,Automobile,Other,One way,Tangent road with flat terrain,Crossing,Asphalt roads,Dry,Darkness - lights lit,Normal,Vehicle with vehicle collision,2,1,Going straight,Not a Pedestrian,Overtaking,Slight Injury,20,Night
2347,1900-01-01 00:15:00,Friday,31-50,Above 10yr,Public (> 45 seats),Office areas,Double carriageway (median),Tangent road with flat terrain,No junction,Asphalt roads,Wet or damp,Darkness - lights lit,Raining,Vehicle with vehicle collision,1,1,Going straight,Not a Pedestrian,Driving carelessly,Serious Injury,0,Night
2348,1900-01-01 02:15:00,Saturday,31-50,Above 10yr,Lorry (41?100Q),Office areas,Two-way (divided with broken lines road marking),Tangent road with flat terrain,Y Shape,Asphalt roads,Dry,Darkness - lights lit,Normal,Collision with roadside objects,1,1,Going straight,Not a Pedestrian,Driving under the influence of drugs,Serious Injury,2,Night
2349,1900-01-01 14:40:00,Saturday,Over 51,5-10yr,Public (> 45 seats),Other,Double carriageway (median),Tangent road with flat terrain,Crossing,Asphalt roads,Dry,Daylight,Normal,Collision with roadside objects,2,1,Going straight,Not a Pedestrian,Moving Backward,Slight Injury,14,Afternoon