,Time,Day_of_week,Age_band_of_driver,Driving_experience,Type_of_vehicle,Area_accident_occured,Lanes_or_Medians,Road_allignment,Types_of_Junction,Road_surface_type,Road_surface_conditions,Light_conditions,Weather_conditions,Type_of_collision,Number_of_vehicles_involved,Number_of_casualties,Vehicle_movement,Pedestrian_movement,Cause_of_accident,Accident_severity,Hour,TimeLine
2822,1900-01-01 10:23:00,Wednesday,31-50,5-10yr,Lorry (41?100Q),Other,One way,Tangent road with flat terrain,No junction,Asphalt roads,Dry,Daylight,Normal,Vehicle with vehicle collision,2,1,Turnover,Not a Pedestrian,Changing lane to the right,Slight Injury,10,Morning
2823,1900-01-01 10:23:00,Wednesday,31-50,2-5yr,Lorry (41?100Q),Other,Undivided Two way,Tangent road with flat terrain,No junction,Asphalt roads,Dry,Daylight,Normal,Collision with pedestrians,2,1,Turnover,Not a Pedestrian,No distancing,Slight Injury,10,Morning
2824,1900-01-01 12:30:00,Wednesday,Under 18,5-10yr,Public (12 seats),Residential areas,Two-way (divided with broken lines road marking),Tangent road with flat terrain,Y Shape,Asphalt roads,Dry,Daylight,Normal,Vehicle with vehicle collision,1,1,Going straight,Not a Pedestrian,Moving Backward,Slight Injury,12,Afternoon
2825,1900-01-01 01:05:00,Saturday,31-50,Above 10yr,Public (12 seats),Office areas,Undivided Two way,Tangent road with flat terrain,Crossing,Asphalt roads,Dry,Darkness - no lighting,Unknown,Collision with roadside objects,1,1,Getting off,Not a Pedestrian,Moving Backward,Slight Injury,1,Night
2826,1900-01-01 09:30:00,Monday,Unknown,1-2yr,Stationwagen,  Recreational areas,other,Tangent road with flat terrain,Y Shape,Asphalt roads,Dry,Daylight,Normal,Vehicle with vehicle collision,1,1,Getting off,Not a Pedestrian,No distancing,Slight Injury,9,Morning
2827,1900-01-01 15:25:00,Saturday,Unknown,Below 1yr,Lorry (41?100Q),Office areas,other,Tangent road with mild grade and flat terrain,Y Shape,Asphalt roads,Dry,Daylight,Normal,Collision with roadside objects,1,1,Going straight,Not a Pedestrian,No distancing,Slight Injury,15,Afternoon
2828,1900-01-01 08:33:00,Saturday,18-30,1-2yr,Automobile, Industrial areas,other,Tangent road with flat terrain,Crossing,Asphalt roads,Dry,Daylight,Normal,Vehicle with vehicle collision,3,1,Overtaking,Not a Pedestrian,No distancing,Slight Injury,8,Morning
2829,1900-01-01 08:33:00,Saturday,31-50,5-10yr,Pick up upto 10Q,Other,Two-way (divided with broken lines road marking),Tangent road with flat terrain,Crossing,Asphalt roads,Dry,Daylight,Normal,Vehicle with vehicle collision,3,1,Reversing,Not a Pedestrian,No priority to pedestrian,Slight Injury,8,Morning
2830,1900-01-01 08:33:00,Saturday,31-50,Above 10yr,Automobile,Residential areas,Undivided Two way,Tangent road with flat terrain,Crossing,Asphalt roads,Dry,Daylight,Normal,Collision with pedestrians,3,1,Going straight,Not a Pedestrian,Driving carelessly,Slight Injury,8,Morning
2831,1900-01-01 08:55:00,Tuesday,18-30,5-10yr,Public (13?45 seats),Residential areas,other,Tangent road with flat terrain,Y Shape,Asphalt roads,Dry,Daylight,Normal,Vehicle with vehicle collision,1,1,Getting off,Not a Pedestrian,Changing lane to the right,Serious Injury,8,Morning
2832,1900-01-01 10:30:00,Saturday,Unknown,2-5yr,Public (> 45 seats), Industrial areas,other,Tangent road with flat terrain,No junction,Asphalt roads,Dry,Daylight,Normal,Vehicle with vehicle collision,1,1,Getting off,Not a Pedestrian,Changing lane to the left,Slight Injury,10,Morning
2833,1900-01-01 18:20:00,Wednesday,18-30,2-5yr,Stationwagen,Residential areas,Undivided Two way,Tangent road with flat terrain,Y Shape,Gravel roads,Dry,Daylight,Unknown,Vehicle with vehicle collision,2,1,Reversing,Not a Pedestrian,Driving carelessly,Slight Injury,18,Evening
2834,1900-01-01 18:20:00,Wednesday,Over 51,Above 10yr,Automobile,Residential areas,other,Tangent road with flat terrain,Y Shape,Asphalt roads,Dry,Daylight,Unknown,Vehicle with vehicle collision,2,1,Turnover,Not a Pedestrian,Driving carelessly,Slight Injury,18,Evening
2835,1900-01-01 16:00:00,Tuesday,Unknown,2-5yr,Lorry (41?100Q),Office areas,Undivided Two way,Tangent road with flat terrain,No junction,Asphalt roads,Dry,Daylight,Normal,Collision with pedestrians,1,1,Moving Backward,Not a Pedestrian,No distancing,Slight Injury,16,Evening
2836,1900-01-01 17:52:00,Saturday,18-30,Below 1yr,Stationwagen,Office areas,Double carriageway (median),Escarpments,Y Shape,Asphalt roads,Dry,Daylight,Normal,Vehicle with vehicle collision,2,2,Going straight,Not a Pedestrian,Other,Slight Injury,17,Evening
2837,1900-01-01 17:52:00,Saturday,31-50,2-5yr,Lorry (41?100Q),Office areas,other,Tangent road with flat terrain,Y Shape,Other,Dry,Daylight,Normal,Vehicle with vehicle collision,2,2,Going straight,Not a Pedestrian,Changing lane to the right,Slight Injury,17,Evening
2838,1900-01-01 15:15:00,Friday,18-30,Above 10yr,Public (12 seats),Office areas,Undivided Two way,Escarpments,Y Shape,Asphalt roads,Dry,Daylight,Normal,Vehicle with vehicle collision,2,1,Going straight,Not a Pedestrian,Changing lane to the right,Slight Injury,15,Afternoon
2839,1900-01-01 15:15:00,Friday,31-50,2-5yr,Lorry (41?100Q),Office areas,One way,Tangent road with flat terrain,Y Shape,Other,Dry,Daylight,Normal,Vehicle with vehicle collision,2,1,Going straight,Not a Pedestrian,No distancing,Slight Injury,15,Afternoon
2840,1900-01-01 06:16:00,Friday,31-50,Above 10yr,Other,Office areas,Undivided Two way,Tangent road with flat terrain,Y Shape,Asphalt roads,Dry,Daylight,Normal,Collision with roadside objects,2,1,Reversing,Not a Pedestrian,No distancing,Slight Injury,6,Morning
2841,1900-01-01 06:16:00,Friday,18-30,Above 10yr,Stationwagen,Office areas,other,Tangent road with flat terrain,Y Shape,Asphalt roads,Dry,Daylight,Normal,Vehicle with vehicle collision,2,1,Going straight,Unknown or other,Overturning,Slight Injury,6,Morning
2842,1900-01-01 07:45:00,Monday,18-30,Above 10yr,Automobile,Residential areas,other,Tangent road with flat terrain,Crossing,Asphalt roads,Dry,Daylight,Normal,Vehicle with vehicle collision,2,1,Going straight,Not a Pedestrian,Driving at high speed,Slight Injury,7,Morning
2843,1900-01-01 07:45:00,Monday,31-50,Above 10yr,Public (> 45 seats),Residential areas,One way,Tangent road with flat terrain,Crossing,Asphalt roads,Dry,Daylight,Normal,Vehicle with vehicle collision,2,1,Going straight,Not a Pedestrian,No priority to vehicle,Slight Injury,7,Morning
2844,1900-01-01 17:35:00,Friday,31-50,Below 1yr,Other,Other,One way,Tangent road with flat terrain,Y Shape,Asphalt roads,Dry,Daylight,Normal,Vehicle with vehicle collision,1,1,Going straight,Not a Pedestrian,No priority to pedestrian,Slight Injury,17,Evening
2845,1900-01-01 17:50:00,Friday,31-50,5-10yr,Lorry (41?100Q), Church areas,Undivided Two way,Tangent road with flat terrain,No junction,Asphalt roads,Dry,Daylight,Normal,Collision with roadside objects,2,1,Getting off,Not a Pedestrian,No priority to vehicle,Slight Injury,17,Evening
2846,1900-01-01 17:50:00,Friday,Unknown,2-5yr,Automobile,  Recreational areas,other,Tangent road with flat terrain,No junction,Asphalt roads,Dry,Daylight,Normal,Vehicle with vehicle collision,2,1,Going straight,Crossing from driver's nearside,Other,Slight Injury,17,Evening
2847,1900-01-01 07:05:00,Wednesday,Unknown,Above 10yr,Public (> 45 seats), Industrial areas,Undivided Two way,Tangent road with flat terrain,Y Shape,Asphalt roads,Dry,Daylight,Normal,Vehicle with vehicle collision,1,1,Going straight,Not a Pedestrian,Other,Slight Injury,7,Morning
2848,1900-01-01 20:21:00,Friday,18-30,Below 1yr,Automobile,Residential areas,other,Tangent road with flat terrain,Y Shape,Asphalt roads,Dry,Daylight,Normal,Vehicle with vehicle collision,2,1,Going straight,Not a Pedestrian,Moving Backward,Serious Injury,20,Night
2849,1900-01-01 20:21:00,Friday,Over 51,2-5yr,Automobile,Residential areas,other,Tangent road with rolling terrain,Y Shape,Asphalt roads,Dry,Daylight,Normal,Vehicle with vehicle collision,2,1,Going straight,Not a Pedestrian,No distancing,Serious Injury,20,Night
2850,1900-01-01 08:05:00,Thursday,18-30,Above 10yr,Pick up upto 10Q,Office areas,Double carriageway (median),Tangent road with flat terrain,Crossing,Asphalt roads,Dry,Daylight,Normal,Vehicle with vehicle collision,2,1,Reversing,Not a Pedestrian,Moving Backward,Slight Injury,8,Morning
2851,1900-01-01 08:05:00,Thursday,18-30,2-5yr,Public (12 seats),  Market areas,Undivided Two way,Tangent road with flat terrain,Crossing,Asphalt roads,Dry,Daylight,Normal,Vehicle with vehicle collision,2,1,Moving Backward,Not a Pedestrian,No priority to vehicle,Slight Injury,8,Morning
2852,1900-01-01 17:00:00,Sunday,31-50,2-5yr,Lorry (41?100Q),Unknown,other,Tangent road with flat terrain,Crossing,Asphalt roads,Dry,Daylight,Normal,Vehicle with vehicle collision,1,2,Going straight,Not a Pedestrian,Driving carelessly,Slight Injury,17,Evening
2853,1900-01-01 17:00:00,Sunday,31-50,2-5yr,Lorry (41?100Q), Industrial areas,other,Tangent road with flat terrain,Crossing,Asphalt roads,Dry,Daylight,Normal,Vehicle with vehicle collision,1,2,Going straight,Not a Pedestrian,No distancing,Slight Injury,17,Evening
2854,1900-01-01 08:45:00,Sunday,18-30,1-2yr,Lorry (41?100Q),Residential areas,Two-way (divided with solid lines road marking),Tangent road with flat terrain,Y Shape,Asphalt roads,Dry,Daylight,Normal,Vehicle with vehicle collision,1,1,Going straight,Not a Pedestrian,Other,Slight Injury,8,Morning
2855,1900-01-01 08:48:00,Wednesday,Over 51,5-10yr,Public (13?45 seats),Residential areas,Undivided Two way,Tangent road with flat terrain,Y Shape,Asphalt roads,Dry,Daylight,Normal,Vehicle with vehicle collision,1,1,Going straight,Not a Pedestrian,Changing lane to the right,Slight Injury,8,Morning
2856,1900-01-01 09:50:00,Tuesday,18-30,2-5yr,Lorry (41?100Q),Other,Undivided Two way,Tangent road with flat terrain,Unknown,Asphalt roads,Dry,Daylight,Normal,Vehicle with vehicle collision,2,1,Going straight,Not a Pedestrian,No distancing,Slight Injury,9,Morning
2857,1900-01-01 09:50:00,Tuesday,31-50,1-2yr,Lorry (41?100Q),Residential areas,other,Tangent road with flat terrain,Unknown,Asphalt roads,Dry,Daylight,Normal,Collision with roadside objects,2,1,Going straight,Not a Pedestrian,Driving carelessly,Slight Injury,9,Morning
2858,1900-01-01 12:30:00,Monday,31-50,1-2yr,Motorcycle,Rural village areas,Undivided Two way,Gentle horizontal curve,Y Shape,Asphalt roads,Dry,Daylight,Normal,Collision with roadside objects,3,1,Turnover,Not a Pedestrian,No distancing,Slight Injury,12,Afternoon
2859,1900-01-01 12:30:00,Monday,Unknown,No Licence,Lorry (41?100Q),Rural village areas,Undivided Two way,Gentle horizontal curve,Y Shape,Asphalt roads,Dry,Daylight,Normal,Collision with roadside objects,3,1,Going straight,Not a Pedestrian,No priority to vehicle,Slight Injury,12,Afternoon
2860,1900-01-01 12:30:00,Monday,18-30,5-10yr,Ridden horse,Office areas,Double carriageway (median),Tangent road with flat terrain,Y Shape,Asphalt roads,Dry,Daylight,Normal,Collision with pedestrians,3,1,Other,Not a Pedestrian,Changing lane to the right,Slight Injury,12,Afternoon
2861,1900-01-01 08:38:00,Tuesday,18-30,1-2yr,Automobile,Residential areas,Undivided Two way,Gentle horizontal curve,Crossing,Earth roads,Dry,Daylight,Normal,Vehicle with vehicle collision,1,1,Going straight,Not a Pedestrian,No priority to pedestrian,Serious Injury,8,Morning
2862,1900-01-01 10:30:00,Monday,31-50,2-5yr,Lorry (41?100Q),Residential areas,other,Tangent road with flat terrain,No junction,Asphalt roads,Dry,Daylight,Normal,Vehicle with vehicle collision,2,1,Going straight,Not a Pedestrian,No priority to vehicle,Slight Injury,10,Morning
2863,1900-01-01 10:30:00,Monday,Unknown,5-10yr,Pick up upto 10Q, Outside rural areas,other,Tangent road with flat terrain,No junction,Asphalt roads,Dry,Daylight,Normal,Collision with pedestrians,2,1,Going straight,Not a Pedestrian,Changing lane to the left,Slight Injury,10,Morning
2864,1900-01-01 18:04:00,Saturday,31-50,5-10yr,Public (> 45 seats),Residential areas,other,Tangent road with flat terrain,Y Shape,Asphalt roads,Dry,Daylight,Normal,Vehicle with vehicle collision,1,2,Going straight,Not a Pedestrian,Turnover,Slight Injury,18,Evening
2865,1900-01-01 18:04:00,Saturday,31-50,5-10yr,Stationwagen, Church areas,other,Tangent road with flat terrain,Y Shape,Asphalt roads,Dry,Daylight,Normal,Vehicle with vehicle collision,1,2,Going straight,Not a Pedestrian,Driving to the left,Slight Injury,18,Evening
2866,1900-01-01 07:45:00,Wednesday,31-50,2-5yr,Automobile,Office areas,Undivided Two way,Tangent road with flat terrain,Crossing,Asphalt roads,Dry,Daylight,Normal,Vehicle with vehicle collision,2,1,Moving Backward,Not a Pedestrian,Driving carelessly,Slight Injury,7,Morning
2867,1900-01-01 07:45:00,Wednesday,Unknown,Above 10yr,Public (12 seats),Office areas,Two-way (divided with broken lines road marking),Tangent road with mountainous terrain and,Crossing,Asphalt roads,Dry,Daylight,Normal,Vehicle with vehicle collision,2,1,Moving Backward,Not a Pedestrian,Driving to the left,Slight Injury,7,Morning
2868,1900-01-01 07:27:00,Tuesday,31-50,Above 10yr,Automobile,Office areas,Two-way (divided with broken lines road marking),Escarpments,Y Shape,Asphalt roads,Dry,Daylight,Normal,Vehicle with vehicle collision,2,1,Moving Backward,Not a Pedestrian,Driving carelessly,Slight Injury,7,Morning
2869,1900-01-01 07:27:00,Tuesday,31-50,5-10yr,Automobile,Other,Undivided Two way,Tangent road with mountainous terrain and,Y Shape,Asphalt roads,Dry,Daylight,Normal,Vehicle with vehicle collision,2,1,Other,Not a Pedestrian,No priority to pedestrian,Slight Injury,7,Morning
2870,1900-01-01 10:05:00,Monday,31-50,Above 10yr,Automobile,Other,Undivided Two way,Tangent road with flat terrain,Y Shape,Asphalt roads,Dry,Daylight,Normal,Collision with roadside objects,1,1,Going straight,Not a Pedestrian,Driving carelessly,Slight Injury,10,Morning
2871,1900-01-01 14:35:00,Monday,31-50,5-10yr,Lorry (41?100Q),Residential areas,Two-way (divided with broken lines road marking),Tangent road with flat terrain,No junction,Asphalt roads,Dry,Daylight,Normal,Collision with pedestrians,1,1,Unknown,Not a Pedestrian,Changing lane to the right,Slight Injury,14,Afternoon
2872,1900-01-01 18:43:00,Wednesday,31-50,5-10yr,Automobile,Other,Two-way (divided with broken lines road marking),Tangent road with flat terrain,No junction,Gravel roads,Dry,Daylight,Normal,Vehicle with vehicle collision,2,1,Turnover,Not a Pedestrian,Moving Backward,Slight Injury,18,Evening
2873,1900-01-01 18:43:00,Wednesday,18-30,Above 10yr,Automobile,Other,Undivided Two way,Tangent road with mild grade and flat terrain,No junction,Asphalt roads,Dry,Daylight,Normal,Vehicle with vehicle collision,2,1,Getting off,Not a Pedestrian,Driving carelessly,Slight Injury,18,Evening
2874,1900-01-01 08:47:00,Wednesday,18-30,Above 10yr,Public (12 seats),Other,Two-way (divided with broken lines road marking),Tangent road with flat terrain,Y Shape,Earth roads,Dry,Daylight,Normal,Collision with roadside objects,2,1,Going straight,Not a Pedestrian,Changing lane to the right,Slight Injury,8,Morning
2875,1900-01-01 08:47:00,Wednesday,Over 51,5-10yr,Taxi,Other,Undivided Two way,Tangent road with flat terrain,Y Shape,Asphalt roads,Dry,Daylight,Normal,Vehicle with vehicle collision,2,1,Going straight,Crossing from nearside - masked by parked or statioNot a Pedestrianry vehicle,Driving carelessly,Slight Injury,8,Morning
2876,1900-01-01 08:55:00,Monday,31-50,5-10yr,Automobile,Other,Double carriageway (median),Tangent road with mild grade and flat terrain,No junction,Asphalt roads,Dry,Daylight,Normal,Vehicle with vehicle collision,2,1,Going straight,Not a Pedestrian,Driving carelessly,Slight Injury,8,Morning
2877,1900-01-01 08:55:00,Monday,Unknown,Above 10yr,Public (12 seats),Other,Two-way (divided with broken lines road marking),Tangent road with flat terrain,No junction,Asphalt roads,Dry,Daylight,Normal,Vehicle with vehicle collision,2,1,Turnover,Not a Pedestrian,Driving carelessly,Slight Injury,8,Morning
2878,1900-01-01 13:15:00,Monday,18-30,Below 1yr,Stationwagen, Church areas,Two-way (divided with broken lines road marking),Tangent road with flat terrain,Crossing,Earth roads,Dry,Daylight,Normal,Vehicle with vehicle collision,2,1,Reversing,Not a Pedestrian,Changing lane to the right,Slight Injury,13,Afternoon
2879,1900-01-01 13:15:00,Monday,31-50,2-5yr,Stationwagen,Other,Undivided Two way,Tangent road with flat terrain,Crossing,Asphalt roads,Dry,Daylight,Normal,Vehicle with vehicle collision,2,1,Moving Backward,Not a Pedestrian,Changing lane to the right,Slight Injury,13,Afternoon
2880,1900-01-01 08:20:00,Wednesday,31-50,2-5yr,Automobile, Industrial areas,Two-way (divided with broken lines road marking),Tangent road with flat terrain,Y Shape,Asphalt roads,Dry,Daylight,Normal,Vehicle with vehicle collision,2,1,Other,Not a Pedestrian,Driving carelessly,Slight Injury,8,Morning
2881,1900-01-01 08:20:00,Wednesday,31-50,5-10yr,Lorry (41?100Q),Residential areas,Double carriageway (median),Tangent road with flat terrain,Y Shape,Asphalt roads,Dry,Daylight,Normal,Vehicle with vehicle collision,2,1,Going straight,Not a Pedestrian,Overtaking,Slight Injury,8,Morning
2882,1900-01-01 13:31:00,Sunday,18-30,5-10yr,Automobile,Other,Two-way (divided with broken lines road marking),Tangent road with flat terrain,Y Shape,Asphalt roads,Dry,Daylight,Normal,Vehicle with vehicle collision,2,1,Going straight,Not a Pedestrian,Changing lane to the right,Slight Injury,13,Afternoon
2883,1900-01-01 13:31:00,Sunday,18-30,Below 1yr,Public (12 seats),Office areas,Two-way (divided with broken lines road marking),Tangent road with flat terrain,Y Shape,Asphalt roads,Dry,Daylight,Normal,Collision with roadside objects,2,1,Going straight,Not a Pedestrian,No distancing,Slight Injury,13,Afternoon
2884,1900-01-01 18:30:00,Tuesday,18-30,Above 10yr,Automobile, Industrial areas,Unknown,Tangent road with flat terrain,Crossing,Asphalt roads,Dry,Daylight,Normal,Collision with roadside objects,1,1,Going straight,Not a Pedestrian,Other,Slight Injury,18,Evening
2885,1900-01-01 01:55:00,Friday,18-30,Below 1yr,Automobile, Industrial areas,Double carriageway (median),Tangent road with flat terrain,Y Shape,Asphalt roads,Dry,Darkness - lights lit,Normal,Collision with roadside objects,1,1,Going straight,Not a Pedestrian,Changing lane to the right,Slight Injury,1,Night
2886,1900-01-01 08:50:00,Tuesday,18-30,5-10yr,Lorry (41?100Q),Other,Two-way (divided with broken lines road marking),Tangent road with flat terrain,Y Shape,Asphalt roads,Dry,Daylight,Normal,Vehicle with vehicle collision,2,1,Going straight,Not a Pedestrian,Changing lane to the right,Slight Injury,8,Morning
2887,1900-01-01 08:50:00,Tuesday,31-50,5-10yr,Automobile, Hospital areas,Two-way (divided with broken lines road marking),Tangent road with flat terrain,Y Shape,Asphalt roads,Dry,Daylight,Normal,Collision with pedestrians,2,1,Going straight,Not a Pedestrian,Overtaking,Slight Injury,8,Morning
2888,1900-01-01 08:59:00,Monday,31-50,5-10yr,Motorcycle,Office areas,One way,Tangent road with flat terrain,Unknown,Asphalt roads,Dry,Daylight,Normal,Vehicle with vehicle collision,2,1,Going straight,Not a Pedestrian,Other,Fatal injury,8,Morning
2889,1900-01-01 08:59:00,Monday,18-30,1-2yr,Automobile, Church areas,Undivided Two way,Tangent road with flat terrain,Unknown,Asphalt roads,Dry,Daylight,Normal,Collision with pedestrians,2,1,Going straight,Not a Pedestrian,Driving to the left,Fatal injury,8,Morning
2890,1900-01-01 08:20:00,Monday,18-30,5-10yr,Automobile, Hospital areas,Undivided Two way,Tangent road with mountainous terrain and,Y Shape,Asphalt roads,Dry,Daylight,Normal,Vehicle with vehicle collision,2,1,Other,Not a Pedestrian,Overtaking,Slight Injury,8,Morning
2891,1900-01-01 08:20:00,Monday,18-30,5-10yr,Automobile,Office areas,other,Tangent road with flat terrain,Y Shape,Asphalt roads,Dry,Daylight,Normal,Collision with pedestrians,2,1,Moving Backward,Not a Pedestrian,No priority to vehicle,Slight Injury,8,Morning
2892,1900-01-01 20:15:00,Sunday,Under 18,5-10yr,Automobile,Other,Two-way (divided with broken lines road marking),Escarpments,Y Shape,Asphalt roads,Dry,Daylight,Normal,Vehicle with vehicle collision,2,2,Going straight,Not a Pedestrian,Moving Backward,Slight Injury,20,Night
2893,1900-01-01 20:15:00,Sunday,31-50,5-10yr,Public (> 45 seats),Office areas,Undivided Two way,Tangent road with flat terrain,Y Shape,Asphalt roads,Dry,Daylight,Normal,Vehicle with vehicle collision,2,2,Moving Backward,Not a Pedestrian,Other,Slight Injury,20,Night
2894,1900-01-01 17:01:00,Friday,31-50,Above 10yr,Automobile,Office areas,Two-way (divided with broken lines road marking),Tangent road with mountainous terrain and,No junction,Asphalt roads,Dry,Daylight,Normal,Vehicle with vehicle collision,2,1,Going straight,Not a Pedestrian,No priority to vehicle,Slight Injury,17,Evening
2895,1900-01-01 17:01:00,Friday,31-50,5-10yr,Automobile,Other,Double carriageway (median),Steep grade downward with mountainous terrain,No junction,Asphalt roads,Dry,Daylight,Normal,Vehicle with vehicle collision,2,1,Moving Backward,Not a Pedestrian,No priority to pedestrian,Slight Injury,17,Evening
2896,1900-01-01 08:17:00,Tuesday,31-50,No Licence,Automobile,Office areas,Undivided Two way,Tangent road with mild grade and flat terrain,Y Shape,Asphalt roads,Dry,Daylight,Normal,Vehicle with vehicle collision,2,3,Going straight,Not a Pedestrian,Changing lane to the right,Slight Injury,8,Morning
2897,1900-01-01 08:17:00,Tuesday,18-30,Below 1yr,Other,Residential areas,Undivided Two way,Tangent road with flat terrain,Y Shape,Asphalt roads,Dry,Daylight,Normal,Vehicle with vehicle collision,2,3,Going straight,Not a Pedestrian,Changing lane to the right,Slight Injury,8,Morning
2898,1900-01-01 08:17:00,Tuesday,18-30,5-10yr,Stationwagen,Other,Two-way (divided with broken lines road marking),Tangent road with flat terrain,Y Shape,Asphalt roads,Dry,Daylight,Normal,Vehicle with vehicle collision,2,3,Going straight,Not a Pedestrian,Changing lane to the right,Slight Injury,8,Morning
2899,1900-01-01 17:52:00,Monday,18-30,5-10yr,Lorry (41?100Q),Office areas,Double carriageway (median),Tangent road with flat terrain,T Shape,Earth roads,Dry,Daylight,Normal,Vehicle with vehicle collision,2,1,Going straight,Not a Pedestrian,Driving to the left,Slight Injury,17,Evening
2900,1900-01-01 17:52:00,Monday,Unknown,5-10yr,Taxi,Office areas,Undivided Two way,Tangent road with mountainous terrain and,T Shape,Asphalt roads,Dry,Daylight,Normal,Vehicle with vehicle collision,2,1,Going straight,Not a Pedestrian,Changing lane to the left,Slight Injury,17,Evening
2901,1900-01-01 07:15:00,Tuesday,Unknown,5-10yr,Other,Office areas,other,Tangent road with flat terrain,Crossing,Asphalt roads,Dry,Daylight,Normal,Vehicle with vehicle collision,2,1,Other,Not a Pedestrian,Moving Backward,Slight Injury,7,Morning
2902,1900-01-01 07:15:00,Tuesday,Unknown,5-10yr,Public (12 seats),Other,Two-way (divided with broken lines road marking),Tangent road with mild grade and flat terrain,Crossing,Other,Dry,Daylight,Normal,Vehicle with vehicle collision,2,1,Going straight,Not a Pedestrian,Driving at high speed,Slight Injury,7,Morning
2903,1900-01-01 18:46:00,Wednesday,18-30,2-5yr,Automobile, Church areas,Undivided Two way,Tangent road with flat terrain,No junction,Asphalt roads,Dry,Daylight,Normal,Vehicle with vehicle collision,2,4,Moving Backward,Not a Pedestrian,Moving Backward,Slight Injury,18,Evening
2904,1900-01-01 18:46:00,Wednesday,18-30,5-10yr,Automobile, Industrial areas,Undivided Two way,Tangent road with flat terrain,No junction,Asphalt roads,Dry,Daylight,Normal,Rollover,2,4,Moving Backward,Not a Pedestrian,No distancing,Slight Injury,18,Evening
2905,1900-01-01 18:46:00,Wednesday,18-30,Above 10yr,Public (13?45 seats),Office areas,Double carriageway (median),Tangent road with flat terrain,No junction,Asphalt roads,Dry,Daylight,Normal,Collision with roadside objects,2,4,Moving Backward,Not a Pedestrian,Other,Slight Injury,18,Evening
2906,1900-01-01 18:46:00,Wednesday,18-30,1-2yr,Lorry (41?100Q), Church areas,Undivided Two way,Tangent road with flat terrain,No junction,Asphalt roads,Dry,Daylight,Normal,Vehicle with vehicle collision,2,4,Going straight,Not a Pedestrian,No priority to vehicle,Slight Injury,18,Evening
2907,1900-01-01 18:46:00,Wednesday,18-30,Below 1yr,Lorry (41?100Q),Office areas,Undivided Two way,Tangent road with flat terrain,No junction,Asphalt roads,Dry,Daylight,Normal,Vehicle with vehicle collision,2,4,Going straight,Not a Pedestrian,Changing lane to the right,Slight Injury,18,Evening
2908,1900-01-01 00:41:00,Friday,Unknown,1-2yr,Lorry (11?40Q),Office areas,other,Tangent road with flat terrain,Y Shape,Asphalt roads,Dry,Darkness - lights lit,Normal,Vehicle with vehicle collision,2,1,Going straight,Not a Pedestrian,Other,Slight Injury,0,Night
2909,1900-01-01 00:41:00,Friday,31-50,5-10yr,Motorcycle,Residential areas,Two-way (divided with broken lines road marking),Tangent road with flat terrain,Y Shape,Asphalt roads,Dry,Darkness - lights lit,Normal,Collision with pedestrians,2,1,Going straight,Not a Pedestrian,No distancing,Slight Injury,0,Night
2910,1900-01-01 08:40:00,Monday,31-50,1-2yr,Lorry (41?100Q),Office areas,Two-way (divided with broken lines road marking),Tangent road with flat terrain,Y Shape,Asphalt roads,Dry,Daylight,Normal,Collision with pedestrians,2,1,Other,Not a Pedestrian,Driving carelessly,Slight Injury,8,Morning
2911,1900-01-01 08:40:00,Monday,18-30,5-10yr,Stationwagen,Residential areas,Undivided Two way,Tangent road with flat terrain,Y Shape,Asphalt roads,Dry,Daylight,Normal,Vehicle with vehicle collision,2,1,Going straight,Not a Pedestrian,No distancing,Slight Injury,8,Morning
2912,1900-01-01 07:00:00,Sunday,Over 51,2-5yr,Automobile,Office areas,Double carriageway (median),Tangent road with flat terrain,Crossing,Asphalt roads,Dry,Daylight,Normal,Vehicle with vehicle collision,2,2,Going straight,Not a Pedestrian,Moving Backward,Slight Injury,7,Morning
2913,1900-01-01 07:00:00,Sunday,31-50,Below 1yr,Other,Office areas,Double carriageway (median),Tangent road with flat terrain,Crossing,Asphalt roads,Dry,Daylight,Normal,Collision with pedestrians,2,2,Going straight,Not a Pedestrian,No distancing,Slight Injury,7,Morning
2914,1900-01-01 16:15:00,Wednesday,31-50,5-10yr,Other,Other,Two-way (divided with broken lines road marking),Tangent road with flat terrain,Y Shape,Asphalt roads,Dry,Daylight,Normal,Collision with pedestrians,2,1,Reversing,Crossing from nearside - masked by parked or statioNot a Pedestrianry vehicle,Moving Backward,Slight Injury,16,Evening
2915,1900-01-01 16:15:00,Wednesday,18-30,5-10yr,Taxi,Other,Two-way (divided with broken lines road marking),Tangent road with flat terrain,Y Shape,Asphalt roads,Dry,Daylight,Normal,Collision with pedestrians,2,1,Moving Backward,Not a Pedestrian,No priority to pedestrian,Slight Injury,16,Evening
2916,1900-01-01 08:35:00,Wednesday,18-30,5-10yr,Automobile,Residential areas,Two-way (divided with broken lines road marking),Tangent road with flat terrain,Y Shape,Asphalt roads,Dry,Daylight,Normal,Vehicle with vehicle collision,2,1,Going straight,Not a Pedestrian,Changing lane to the left,Slight Injury,8,Morning
2917,1900-01-01 08:35:00,Wednesday,31-50,2-5yr,Long lorry, Church areas,Two-way (divided with broken lines road marking),Tangent road with flat terrain,Y Shape,Asphalt roads,Dry,Daylight,Normal,Collision with roadside objects,2,1,Going straight,Crossing from nearside - masked by parked or statioNot a Pedestrianry vehicle,No distancing,Slight Injury,8,Morning
2918,1900-01-01 09:40:00,Monday,31-50,Above 10yr,Long lorry, Church areas,Double carriageway (median),Tangent road with flat terrain,Crossing,Asphalt roads,Dry,Daylight,Normal,Vehicle with vehicle collision,1,1,Reversing,Not a Pedestrian,Other,Serious Injury,9,Morning
2919,1900-01-01 23:21:00,Tuesday,Unknown,5-10yr,Lorry (41?100Q),Residential areas,Double carriageway (median),Tangent road with flat terrain,Y Shape,Asphalt roads,Dry,Darkness - lights lit,Normal,Vehicle with vehicle collision,1,1,Going straight,Not a Pedestrian,No distancing,Serious Injury,23,Night