,Time,Day_of_week,Age_band_of_driver,Driving_experience,Type_of_vehicle,Area_accident_occured,Lanes_or_Medians,Road_allignment,Types_of_Junction,Road_surface_type,Road_surface_conditions,Light_conditions,Weather_conditions,Type_of_collision,Number_of_vehicles_involved,Number_of_casualties,Vehicle_movement,Pedestrian_movement,Cause_of_accident,Accident_severity,Hour,TimeLine
8288,1900-01-01 13:53:00,Saturday,31-50,5-10yr,Automobile,Other,Undivided Two way,Tangent road with flat terrain,Y Shape,Asphalt roads,Wet or damp,Daylight,Normal,Vehicle with vehicle collision,2,3,Turnover,Not a Pedestrian,Overturning,Slight Injury,13,Afternoon
8289,1900-01-01 13:53:00,Saturday,18-30,Below 1yr,Public (13?45 seats),Residential areas,other,Tangent road with flat terrain,Y Shape,Asphalt roads,Wet or damp,Daylight,Normal,Vehicle with vehicle collision,2,3,Going straight,Not a Pedestrian,Driving carelessly,Slight Injury,13,Afternoon
8290,1900-01-01 13:53:00,Saturday,18-30,Below 1yr,Public (13?45 seats),Rural village areas,Undivided Two way,Gentle horizontal curve,Y Shape,Asphalt roads,Wet or damp,Daylight,Normal,Vehicle with vehicle collision,2,3,Reversing,Not a Pedestrian,No distancing,Slight Injury,13,Afternoon
8291,1900-01-01 13:50:00,Saturday,18-30,5-10yr,Automobile,Rural village areas,Undivided Two way,Gentle horizontal curve,Unknown,Asphalt roads,Dry,Daylight,Cloudy,Collision with pedestrians,2,2,Other,Not a Pedestrian,Driving carelessly,Slight Injury,13,Afternoon
8292,1900-01-01 13:50:00,Saturday,18-30,Below 1yr,Lorry (11?40Q),Office areas,Double carriageway (median),Tangent road with flat terrain,Unknown,Earth roads,Dry,Daylight,Cloudy,Vehicle with vehicle collision,2,2,Going straight,Not a Pedestrian,Changing lane to the left,Slight Injury,13,Afternoon
8293,1900-01-01 13:50:00,Saturday,18-30,2-5yr,Automobile,Residential areas,Undivided Two way,Gentle horizontal curve,Unknown,Asphalt roads,Dry,Daylight,Cloudy,Vehicle with vehicle collision,2,2,Going straight,Not a Pedestrian,No priority to vehicle,Slight Injury,13,Afternoon
8294,1900-01-01 15:00:00,Friday,31-50,2-5yr,Lorry (41?100Q),Residential areas,other,Tangent road with flat terrain,Y Shape,Asphalt roads,Dry,Daylight,Normal,Collision with roadside objects,2,1,Turnover,Not a Pedestrian,Changing lane to the right,Slight Injury,15,Afternoon
8295,1900-01-01 15:00:00,Friday,31-50,5-10yr,Other, Outside rural areas,other,Tangent road with flat terrain,Y Shape,Asphalt roads,Dry,Daylight,Normal,Vehicle with vehicle collision,2,1,Other,Not a Pedestrian,No distancing,Slight Injury,15,Afternoon
8296,1900-01-01 20:15:00,Tuesday,18-30,5-10yr,Pick up upto 10Q,Residential areas,other,Tangent road with flat terrain,Y Shape,Asphalt roads,Dry,Darkness - lights lit,Normal,Vehicle with vehicle collision,2,1,Going straight,Not a Pedestrian,Moving Backward,Slight Injury,20,Night
8297,1900-01-01 20:15:00,Tuesday,18-30,5-10yr,Lorry (11?40Q), Church areas,other,Tangent road with flat terrain,Y Shape,Asphalt roads,Dry,Darkness - lights lit,Normal,Collision with pedestrians,2,1,Going straight,Not a Pedestrian,Moving Backward,Slight Injury,20,Night
8298,1900-01-01 18:32:00,Sunday,18-30,5-10yr,Motorcycle,Office areas,Undivided Two way,Tangent road with flat terrain,Y Shape,Asphalt roads,Wet or damp,Darkness - lights lit,Raining,Vehicle with vehicle collision,1,1,Other,Not a Pedestrian,No distancing,Slight Injury,18,Evening
8299,1900-01-01 09:51:00,Tuesday,18-30,5-10yr,Pick up upto 10Q,Office areas,Two-way (divided with broken lines road marking),Tangent road with mountainous terrain and,No junction,Asphalt roads,Dry,Daylight,Normal,Vehicle with vehicle collision,2,1,Going straight,Not a Pedestrian,No distancing,Slight Injury,9,Morning
8300,1900-01-01 09:51:00,Tuesday,Over 51,2-5yr,Lorry (11?40Q),Office areas,Two-way (divided with broken lines road marking),Escarpments,No junction,Asphalt roads,Dry,Daylight,Normal,Collision with pedestrians,2,1,Turnover,Not a Pedestrian,No distancing,Slight Injury,9,Morning
8301,1900-01-01 19:15:00,Monday,31-50,5-10yr,Lorry (11?40Q),Other,Undivided Two way,Tangent road with mountainous terrain and,Crossing,Gravel roads,Wet or damp,Darkness - lights lit,Normal,Collision with pedestrians,2,1,Going straight,Not a Pedestrian,No priority to pedestrian,Slight Injury,19,Evening
8302,1900-01-01 19:15:00,Monday,18-30,Below 1yr,Automobile,Other,Undivided Two way,Tangent road with flat terrain,Crossing,Asphalt roads,Wet or damp,Darkness - lights lit,Normal,Collision with pedestrians,2,1,Turnover,Not a Pedestrian,Driving carelessly,Slight Injury,19,Evening
8303,1900-01-01 19:28:00,Sunday,18-30,1-2yr,Automobile,Residential areas,Two-way (divided with broken lines road marking),Tangent road with flat terrain,Crossing,Asphalt roads,Dry,Darkness - no lighting,Normal,Collision with roadside objects,2,2,Going straight,Not a Pedestrian,Changing lane to the right,Slight Injury,19,Evening
8304,1900-01-01 19:28:00,Sunday,18-30,2-5yr,Other,Other,Two-way (divided with broken lines road marking),Tangent road with flat terrain,Crossing,Asphalt roads,Dry,Darkness - no lighting,Normal,Vehicle with vehicle collision,2,2,Moving Backward,Not a Pedestrian,Changing lane to the left,Slight Injury,19,Evening
8305,1900-01-01 19:28:00,Sunday,18-30,2-5yr,Other,Other,Undivided Two way,Tangent road with mild grade and flat terrain,Crossing,Asphalt roads,Dry,Darkness - no lighting,Normal,Vehicle with vehicle collision,2,2,Going straight,Not a Pedestrian,Driving carelessly,Slight Injury,19,Evening
8306,1900-01-01 13:15:00,Wednesday,18-30,5-10yr,Automobile,Other,Two-way (divided with broken lines road marking),Tangent road with flat terrain,Y Shape,Asphalt roads,Wet or damp,Daylight,Normal,Vehicle with vehicle collision,2,1,Going straight,Not a Pedestrian,Driving carelessly,Slight Injury,13,Afternoon
8307,1900-01-01 13:15:00,Wednesday,Over 51,5-10yr,Taxi,Other,Undivided Two way,Tangent road with flat terrain,Y Shape,Asphalt roads,Wet or damp,Daylight,Normal,Vehicle with vehicle collision,2,1,Going straight,Not a Pedestrian,No distancing,Slight Injury,13,Afternoon
8308,1900-01-01 10:00:00,Thursday,Under 18,5-10yr,Other,Other,Double carriageway (median),Tangent road with mild grade and flat terrain,Y Shape,Asphalt roads,Wet or damp,Daylight,Normal,Vehicle with vehicle collision,2,1,Reversing,Not a Pedestrian,Other,Slight Injury,10,Morning
8309,1900-01-01 10:00:00,Thursday,Under 18,Above 10yr,Taxi,Other,Two-way (divided with broken lines road marking),Tangent road with flat terrain,Y Shape,Asphalt roads,Wet or damp,Daylight,Normal,Vehicle with vehicle collision,2,1,Reversing,Not a Pedestrian,Changing lane to the right,Slight Injury,10,Morning
8310,1900-01-01 13:30:00,Monday,Over 51,Above 10yr,Lorry (11?40Q), Church areas,Two-way (divided with broken lines road marking),Tangent road with flat terrain,Y Shape,Asphalt roads,Wet or damp,Daylight,Normal,Collision with pedestrians,1,2,Reversing,Not a Pedestrian,Changing lane to the right,Slight Injury,13,Afternoon
8311,1900-01-01 13:30:00,Monday,Over 51,Above 10yr,Automobile,Other,Undivided Two way,Tangent road with flat terrain,Y Shape,Asphalt roads,Wet or damp,Daylight,Normal,Collision with roadside objects,1,2,Going straight,Not a Pedestrian,No distancing,Slight Injury,13,Afternoon
8312,1900-01-01 10:35:00,Tuesday,31-50,unknown,Other, Industrial areas,Two-way (divided with broken lines road marking),Tangent road with flat terrain,No junction,Asphalt roads,Wet or damp,Daylight,Normal,Vehicle with vehicle collision,3,1,Going straight,Not a Pedestrian,No distancing,Slight Injury,10,Morning
8313,1900-01-01 10:35:00,Tuesday,31-50,5-10yr,Automobile,Residential areas,Double carriageway (median),Tangent road with flat terrain,No junction,Asphalt roads,Wet or damp,Daylight,Normal,Vehicle with vehicle collision,3,1,Going straight,Not a Pedestrian,Overturning,Slight Injury,10,Morning
8314,1900-01-01 10:35:00,Tuesday,31-50,2-5yr,Automobile,Other,Two-way (divided with broken lines road marking),Tangent road with flat terrain,No junction,Asphalt roads,Wet or damp,Daylight,Normal,Vehicle with vehicle collision,3,1,Going straight,Not a Pedestrian,Driving at high speed,Slight Injury,10,Morning
8315,1900-01-01 17:30:00,Thursday,31-50,5-10yr,Automobile,Office areas,Two-way (divided with broken lines road marking),Tangent road with flat terrain,Y Shape,Asphalt roads,Wet or damp,Darkness - no lighting,Raining,Vehicle with vehicle collision,2,1,Moving Backward,Unknown or other,No priority to vehicle,Slight Injury,17,Evening
8316,1900-01-01 17:30:00,Thursday,18-30,2-5yr,Automobile, Industrial areas,Unknown,Tangent road with flat terrain,Y Shape,Asphalt roads,Wet or damp,Darkness - no lighting,Raining,With Train,2,1,Going straight,Not a Pedestrian,No priority to pedestrian,Slight Injury,17,Evening
8317,1900-01-01 05:56:00,Saturday,18-30,5-10yr,Lorry (41?100Q), Industrial areas,Double carriageway (median),Tangent road with flat terrain,Crossing,Asphalt roads,Wet or damp,Darkness - lights lit,Normal,Vehicle with vehicle collision,2,1,Moving Backward,Not a Pedestrian,No priority to vehicle,Slight Injury,5,Morning
8318,1900-01-01 05:56:00,Saturday,18-30,Above 10yr,Other,Other,Two-way (divided with broken lines road marking),Tangent road with flat terrain,Crossing,Asphalt roads,Wet or damp,Darkness - lights lit,Normal,Vehicle with vehicle collision,2,1,Moving Backward,Crossing from nearside - masked by parked or statioNot a Pedestrianry vehicle,Other,Slight Injury,5,Morning
8319,1900-01-01 09:10:00,Thursday,31-50,2-5yr,Pick up upto 10Q, Hospital areas,Two-way (divided with broken lines road marking),Tangent road with flat terrain,Crossing,Asphalt roads,Wet or damp,Daylight,Normal,Vehicle with vehicle collision,2,2,Going straight,Not a Pedestrian,Other,Slight Injury,9,Morning
8320,1900-01-01 09:10:00,Thursday,31-50,2-5yr,Pick up upto 10Q,Office areas,One way,Tangent road with flat terrain,Crossing,Asphalt roads,Wet or damp,Daylight,Normal,Vehicle with vehicle collision,2,2,Other,Not a Pedestrian,Moving Backward,Slight Injury,9,Morning
8321,1900-01-01 05:40:00,Sunday,18-30,Above 10yr,Automobile, Church areas,Undivided Two way,Tangent road with flat terrain,Other,Asphalt roads,Wet or damp,Darkness - lights lit,Windy,Vehicle with vehicle collision,2,1,Going straight,Not a Pedestrian,No distancing,Serious Injury,5,Morning
8322,1900-01-01 05:40:00,Sunday,31-50,1-2yr,Long lorry, Hospital areas,Undivided Two way,Tangent road with mountainous terrain and,Other,Earth roads,Wet or damp,Darkness - lights lit,Windy,Vehicle with vehicle collision,2,1,Other,Not a Pedestrian,Moving Backward,Serious Injury,5,Morning
8323,1900-01-01 17:55:00,Friday,18-30,Above 10yr,Automobile,Office areas,other,Tangent road with flat terrain,Y Shape,Asphalt roads,Wet or damp,Darkness - lights lit,Raining,Vehicle with vehicle collision,2,1,Going straight,Not a Pedestrian,No priority to vehicle,Slight Injury,17,Evening
8324,1900-01-01 17:55:00,Friday,31-50,5-10yr,Public (13?45 seats),Other,Two-way (divided with broken lines road marking),Escarpments,Y Shape,Asphalt roads,Wet or damp,Darkness - lights lit,Raining,Vehicle with vehicle collision,2,1,Reversing,Not a Pedestrian,Driving carelessly,Slight Injury,17,Evening
8325,1900-01-01 13:30:00,Monday,Over 51,5-10yr,Lorry (41?100Q),Office areas,Undivided Two way,Tangent road with flat terrain,Y Shape,Asphalt roads,Dry,Daylight,Normal,Vehicle with vehicle collision,1,1,Going straight,Not a Pedestrian,No distancing,Serious Injury,13,Afternoon
8326,1900-01-01 19:42:00,Tuesday,Under 18,5-10yr,Public (13?45 seats),Office areas,Two-way (divided with broken lines road marking),Tangent road with mountainous terrain and,Crossing,Asphalt roads,Wet or damp,Darkness - lights lit,Normal,Collision with pedestrians,2,1,Going straight,Not a Pedestrian,Other,Serious Injury,19,Evening
8327,1900-01-01 19:42:00,Tuesday,Under 18,5-10yr,Other,Other,Double carriageway (median),Steep grade downward with mountainous terrain,Crossing,Asphalt roads,Wet or damp,Darkness - lights lit,Normal,Collision with roadside objects,2,1,Going straight,Not a Pedestrian,Changing lane to the right,Serious Injury,19,Evening
8328,1900-01-01 09:30:00,Saturday,31-50,Above 10yr,Lorry (41?100Q),Office areas,Undivided Two way,Tangent road with mild grade and flat terrain,Y Shape,Asphalt roads,Wet or damp,Daylight,Normal,Collision with roadside objects,3,6,Going straight,Not a Pedestrian,No distancing,Slight Injury,9,Morning
8329,1900-01-01 09:30:00,Saturday,31-50,1-2yr,Lorry (41?100Q),Residential areas,Undivided Two way,Tangent road with flat terrain,Y Shape,Asphalt roads,Wet or damp,Daylight,Normal,Vehicle with vehicle collision,3,6,Going straight,Not a Pedestrian,Driving carelessly,Slight Injury,9,Morning
8330,1900-01-01 09:30:00,Saturday,31-50,2-5yr,Long lorry,Other,Two-way (divided with broken lines road marking),Tangent road with flat terrain,Y Shape,Gravel roads,Wet or damp,Daylight,Normal,Vehicle with vehicle collision,3,6,Going straight,Not a Pedestrian,No distancing,Slight Injury,9,Morning
8331,1900-01-01 09:30:00,Saturday,31-50,Below 1yr,Pick up upto 10Q,Office areas,Double carriageway (median),Tangent road with flat terrain,Y Shape,Asphalt roads,Wet or damp,Daylight,Normal,Vehicle with vehicle collision,3,6,Going straight,Not a Pedestrian,No priority to vehicle,Slight Injury,9,Morning
8332,1900-01-01 09:30:00,Saturday,31-50,Above 10yr,Pick up upto 10Q,Office areas,Undivided Two way,Tangent road with mountainous terrain and,Y Shape,Asphalt roads,Wet or damp,Daylight,Normal,Vehicle with vehicle collision,3,6,Other,Not a Pedestrian,Changing lane to the right,Slight Injury,9,Morning
8333,1900-01-01 09:30:00,Saturday,31-50,1-2yr,Lorry (41?100Q),Office areas,other,Tangent road with flat terrain,Y Shape,Asphalt roads,Wet or damp,Daylight,Normal,Vehicle with vehicle collision,3,6,Going straight,Not a Pedestrian,No priority to pedestrian,Slight Injury,9,Morning
8334,1900-01-01 04:44:00,Thursday,31-50,5-10yr,Lorry (41?100Q),Other,Two-way (divided with broken lines road marking),Tangent road with mild grade and flat terrain,Crossing,Other,Wet or damp,Darkness - lights lit,Raining,Collision with roadside objects,2,2,Going straight,Not a Pedestrian,No priority to vehicle,Slight Injury,4,Morning
8335,1900-01-01 04:44:00,Thursday,18-30,5-10yr,Automobile, Church areas,Undivided Two way,Tangent road with flat terrain,Crossing,Asphalt roads,Wet or damp,Darkness - lights lit,Raining,Vehicle with vehicle collision,2,2,Going straight,Crossing from driver's nearside,Changing lane to the left,Slight Injury,4,Morning
8336,1900-01-01 04:44:00,Thursday,18-30,Below 1yr,Other, Industrial areas,Undivided Two way,Tangent road with flat terrain,Crossing,Asphalt roads,Wet or damp,Darkness - lights lit,Raining,Vehicle with vehicle collision,2,2,Going straight,Not a Pedestrian,Turnover,Slight Injury,4,Morning
8337,1900-01-01 22:25:00,Friday,18-30,5-10yr,Automobile,Office areas,Double carriageway (median),Tangent road with flat terrain,Crossing,Asphalt roads,Wet or damp,Darkness - lights lit,Normal,Vehicle with vehicle collision,2,1,Reversing,Not a Pedestrian,Driving to the left,Slight Injury,22,Night
8338,1900-01-01 22:25:00,Friday,31-50,Above 10yr,Other, Church areas,Undivided Two way,Tangent road with flat terrain,Crossing,Asphalt roads,Wet or damp,Darkness - lights lit,Normal,Vehicle with vehicle collision,2,1,Going straight,Not a Pedestrian,Driving carelessly,Slight Injury,22,Night
8339,1900-01-01 11:50:00,Sunday,18-30,5-10yr,Automobile,Office areas,Undivided Two way,Tangent road with flat terrain,O Shape,Asphalt roads,Dry,Daylight,Normal,Vehicle with vehicle collision,2,1,Going straight,Not a Pedestrian,Driving to the left,Slight Injury,11,Morning
8340,1900-01-01 11:50:00,Sunday,31-50,1-2yr,Pick up upto 10Q,Office areas,other,Tangent road with flat terrain,O Shape,Asphalt roads,Dry,Daylight,Normal,Vehicle with vehicle collision,2,1,Other,Not a Pedestrian,Driving carelessly,Slight Injury,11,Morning
8341,1900-01-01 22:50:00,Friday,Under 18,2-5yr,Automobile,Residential areas,Two-way (divided with broken lines road marking),Tangent road with flat terrain,Y Shape,Asphalt roads,Dry,Darkness - lights unlit,Normal,Collision with pedestrians,1,1,Going straight,Not a Pedestrian,No priority to pedestrian,Serious Injury,22,Night
8342,1900-01-01 12:15:00,Tuesday,Over 51,unknown,Public (12 seats),Office areas,Two-way (divided with broken lines road marking),Tangent road with flat terrain,Y Shape,Asphalt roads,Wet or damp,Daylight,Normal,Collision with pedestrians,2,3,Going straight,Not a Pedestrian,Driving carelessly,Fatal injury,12,Afternoon
8343,1900-01-01 12:15:00,Tuesday,Over 51,Above 10yr,Automobile,Residential areas,Undivided Two way,Tangent road with flat terrain,Y Shape,Asphalt roads,Wet or damp,Daylight,Normal,Collision with roadside objects,2,3,Going straight,Not a Pedestrian,Changing lane to the right,Fatal injury,12,Afternoon
8344,1900-01-01 12:15:00,Tuesday,31-50,2-5yr,Other,Office areas,Double carriageway (median),Tangent road with flat terrain,Y Shape,Asphalt roads,Wet or damp,Daylight,Normal,Collision with pedestrians,2,3,Turnover,Not a Pedestrian,Moving Backward,Fatal injury,12,Afternoon
8345,1900-01-01 16:17:00,Thursday,31-50,5-10yr,Public (12 seats),Office areas,Double carriageway (median),Tangent road with flat terrain,Y Shape,Asphalt roads,Wet or damp,Daylight,Cloudy,Vehicle with vehicle collision,1,1,Going straight,Not a Pedestrian,Driving carelessly,Slight Injury,16,Evening
8346,1900-01-01 07:59:00,Thursday,31-50,2-5yr,Stationwagen,Other,Two-way (divided with broken lines road marking),Tangent road with flat terrain,No junction,Asphalt roads,Wet or damp,Daylight,Normal,Vehicle with vehicle collision,1,1,Going straight,Not a Pedestrian,Changing lane to the right,Serious Injury,7,Morning
8347,1900-01-01 17:23:00,Tuesday,Over 51,1-2yr,Lorry (41?100Q),Other,Two-way (divided with broken lines road marking),Tangent road with flat terrain,Y Shape,Asphalt roads,Wet or damp,Darkness - no lighting,Normal,Vehicle with vehicle collision,3,1,Reversing,Not a Pedestrian,Driving carelessly,Slight Injury,17,Evening
8348,1900-01-01 17:23:00,Tuesday,18-30,5-10yr,Lorry (41?100Q),Residential areas,Two-way (divided with broken lines road marking),Tangent road with flat terrain,Y Shape,Asphalt roads,Wet or damp,Darkness - no lighting,Normal,Collision with roadside objects,3,1,Other,Not a Pedestrian,Driving carelessly,Slight Injury,17,Evening
8349,1900-01-01 17:23:00,Tuesday,31-50,2-5yr,Lorry (41?100Q), Church areas,Two-way (divided with broken lines road marking),Tangent road with flat terrain,Y Shape,Gravel roads,Wet or damp,Darkness - no lighting,Normal,Collision with roadside objects,3,1,Going straight,Not a Pedestrian,Driving carelessly,Slight Injury,17,Evening
8350,1900-01-01 08:15:00,Thursday,18-30,5-10yr,Automobile, Church areas,Double carriageway (median),Tangent road with flat terrain,Y Shape,Asphalt roads,Wet or damp,Daylight,Normal,Vehicle with vehicle collision,2,1,Going straight,Not a Pedestrian,Changing lane to the right,Slight Injury,8,Morning
8351,1900-01-01 08:15:00,Thursday,31-50,5-10yr,Lorry (41?100Q),Residential areas,Double carriageway (median),Tangent road with flat terrain,Y Shape,Asphalt roads,Wet or damp,Daylight,Normal,Vehicle with vehicle collision,2,1,Moving Backward,Not a Pedestrian,Changing lane to the right,Slight Injury,8,Morning
8352,1900-01-01 17:11:00,Monday,18-30,2-5yr,Automobile,Office areas,Two-way (divided with broken lines road marking),Tangent road with mild grade and flat terrain,Crossing,Asphalt roads,Dry,Darkness - lights lit,Normal,Vehicle with vehicle collision,2,1,Reversing,Not a Pedestrian,Driving carelessly,Slight Injury,17,Evening
8353,1900-01-01 17:11:00,Monday,31-50,2-5yr,Public (12 seats),Office areas,Two-way (divided with broken lines road marking),Tangent road with mild grade and flat terrain,Crossing,Other,Dry,Darkness - lights lit,Normal,Vehicle with vehicle collision,2,1,Going straight,Not a Pedestrian,Overtaking,Slight Injury,17,Evening
8354,1900-01-01 17:43:00,Tuesday,31-50,2-5yr,Automobile,Residential areas,Two-way (divided with broken lines road marking),Tangent road with flat terrain,O Shape,Asphalt roads,Wet or damp,Darkness - lights lit,Normal,Vehicle with vehicle collision,2,1,Going straight,Not a Pedestrian,Changing lane to the right,Slight Injury,17,Evening
8355,1900-01-01 17:43:00,Tuesday,Over 51,5-10yr,Stationwagen, Church areas,other,Tangent road with flat terrain,O Shape,Other,Wet or damp,Darkness - lights lit,Normal,Vehicle with vehicle collision,2,1,Moving Backward,Not a Pedestrian,No distancing,Slight Injury,17,Evening
8356,1900-01-01 19:35:00,Friday,Over 51,1-2yr,Automobile,Other,Two-way (divided with broken lines road marking),Tangent road with flat terrain,No junction,Asphalt roads,Wet or damp,Darkness - lights lit,Normal,Vehicle with vehicle collision,1,1,Going straight,Not a Pedestrian,Other,Serious Injury,19,Evening
8357,1900-01-01 08:10:00,Thursday,31-50,2-5yr,Lorry (41?100Q),Office areas,Two-way (divided with broken lines road marking),Tangent road with flat terrain,Y Shape,Asphalt roads,Wet or damp,Daylight,Normal,Vehicle with vehicle collision,1,1,Going straight,Not a Pedestrian,Changing lane to the right,Slight Injury,8,Morning
8358,1900-01-01 20:00:00,Thursday,31-50,2-5yr,Other,Other,Two-way (divided with broken lines road marking),Tangent road with flat terrain,Y Shape,Asphalt roads,Dry,Darkness - lights lit,Normal,Vehicle with vehicle collision,2,2,Going straight,Not a Pedestrian,Changing lane to the right,Slight Injury,20,Night
8359,1900-01-01 20:00:00,Thursday,18-30,5-10yr,Pick up upto 10Q,Other,Two-way (divided with broken lines road marking),Tangent road with flat terrain,Y Shape,Asphalt roads,Dry,Darkness - lights lit,Normal,Collision with roadside objects,2,2,Going straight,Not a Pedestrian,Overtaking,Slight Injury,20,Night
8360,1900-01-01 23:05:00,Saturday,31-50,1-2yr,Automobile,Other,Two-way (divided with broken lines road marking),Tangent road with flat terrain,Y Shape,Asphalt roads,Dry,Darkness - lights lit,Normal,Collision with roadside objects,1,1,Going straight,Not a Pedestrian,Other,Slight Injury,23,Night
8361,1900-01-01 04:24:00,Friday,18-30,Below 1yr,Lorry (41?100Q),Residential areas,Two-way (divided with broken lines road marking),Tangent road with flat terrain,Y Shape,Asphalt roads,Dry,Darkness - lights lit,Normal,Collision with pedestrians,1,1,Going straight,Not a Pedestrian,Driving to the left,Serious Injury,4,Morning
8362,1900-01-01 08:49:00,Monday,18-30,1-2yr,Automobile, Church areas,Undivided Two way,Tangent road with flat terrain,Y Shape,Asphalt roads,Wet or damp,Daylight,Normal,Vehicle with vehicle collision,2,3,Going straight,Not a Pedestrian,Overtaking,Slight Injury,8,Morning
8363,1900-01-01 08:49:00,Monday,31-50,1-2yr,Public (13?45 seats),Other,Undivided Two way,Tangent road with flat terrain,Y Shape,Asphalt roads,Wet or damp,Daylight,Normal,Vehicle with vehicle collision,2,3,Going straight,Not a Pedestrian,No priority to vehicle,Slight Injury,8,Morning
8364,1900-01-01 08:49:00,Monday,31-50,Above 10yr,Automobile,Other,One way,Tangent road with flat terrain,Y Shape,Asphalt roads,Wet or damp,Daylight,Normal,Vehicle with vehicle collision,2,3,Reversing,Not a Pedestrian,Moving Backward,Slight Injury,8,Morning
8365,1900-01-01 09:52:00,Friday,Under 18,1-2yr,Lorry (41?100Q),Residential areas,Two-way (divided with broken lines road marking),Tangent road with flat terrain,Y Shape,Asphalt roads,Dry,Daylight,Normal,Vehicle with vehicle collision,2,2,Going straight,Not a Pedestrian,Other,Serious Injury,9,Morning
8366,1900-01-01 09:52:00,Friday,Over 51,2-5yr,Public (12 seats),Office areas,One way,Tangent road with flat terrain,Y Shape,Asphalt roads,Dry,Daylight,Normal,Vehicle with vehicle collision,2,2,Going straight,Not a Pedestrian,No priority to vehicle,Serious Injury,9,Morning
8367,1900-01-01 16:30:00,Monday,31-50,2-5yr,Motorcycle, Industrial areas,Two-way (divided with broken lines road marking),Tangent road with flat terrain,Crossing,Asphalt roads,Dry,Darkness - lights lit,Normal,Vehicle with vehicle collision,2,1,Going straight,Crossing from nearside - masked by parked or statioNot a Pedestrianry vehicle,No priority to pedestrian,Slight Injury,16,Evening
8368,1900-01-01 16:30:00,Monday,31-50,Above 10yr,Public (12 seats),Residential areas,Double carriageway (median),Tangent road with flat terrain,Crossing,Asphalt roads,Dry,Darkness - lights lit,Normal,Vehicle with vehicle collision,2,1,Going straight,Not a Pedestrian,Changing lane to the right,Slight Injury,16,Evening
8369,1900-01-01 16:40:00,Thursday,18-30,5-10yr,Lorry (41?100Q),Office areas,Unknown,Tangent road with flat terrain,No junction,Asphalt roads,Wet or damp,Daylight,Normal,Vehicle with vehicle collision,2,1,Going straight,Not a Pedestrian,Changing lane to the right,Slight Injury,16,Evening
8370,1900-01-01 16:40:00,Thursday,31-50,1-2yr,Automobile,Other,Two-way (divided with broken lines road marking),Tangent road with flat terrain,No junction,Asphalt roads,Wet or damp,Daylight,Normal,Vehicle with vehicle collision,2,1,Going straight,Not a Pedestrian,Changing lane to the right,Slight Injury,16,Evening
8371,1900-01-01 17:45:00,Tuesday,18-30,5-10yr,Lorry (41?100Q), Church areas,other,Tangent road with flat terrain,No junction,Asphalt roads,Wet or damp,Darkness - lights lit,Raining,Collision with pedestrians,2,1,Other,Not a Pedestrian,Driving to the left,Slight Injury,17,Evening
8372,1900-01-01 17:45:00,Tuesday,31-50,2-5yr,Stationwagen, Industrial areas,Two-way (divided with broken lines road marking),Tangent road with flat terrain,No junction,Asphalt roads,Wet or damp,Darkness - lights lit,Raining,Collision with pedestrians,2,1,Moving Backward,Crossing from nearside - masked by parked or statioNot a Pedestrianry vehicle,Changing lane to the left,Slight Injury,17,Evening
8373,1900-01-01 03:16:00,Saturday,18-30,1-2yr,Pick up upto 10Q,  Recreational areas,One way,Tangent road with flat terrain,No junction,Asphalt roads,Dry,Darkness - lights lit,Normal,Vehicle with vehicle collision,2,1,Other,Not a Pedestrian,Moving Backward,Slight Injury,3,Night
8374,1900-01-01 03:16:00,Saturday,Unknown,Above 10yr,Automobile,  Market areas,Undivided Two way,Tangent road with flat terrain,No junction,Asphalt roads,Dry,Darkness - lights lit,Normal,Vehicle with vehicle collision,2,1,Going straight,Not a Pedestrian,Driving at high speed,Slight Injury,3,Night
8375,1900-01-01 18:58:00,Thursday,18-30,2-5yr,Automobile,Other,Two-way (divided with broken lines road marking),Tangent road with flat terrain,Crossing,Asphalt roads,Dry,Darkness - lights lit,Normal,Vehicle with vehicle collision,1,1,Going straight,Not a Pedestrian,Moving Backward,Slight Injury,18,Evening
8376,1900-01-01 20:00:00,Thursday,Over 51,5-10yr,Automobile,Other,Two-way (divided with broken lines road marking),Tangent road with flat terrain,Y Shape,Asphalt roads,Dry,Darkness - no lighting,Unknown,Vehicle with vehicle collision,2,2,Going straight,Not a Pedestrian,No distancing,Serious Injury,20,Night
8377,1900-01-01 20:00:00,Thursday,Over 51,1-2yr,Other, Industrial areas,Two-way (divided with broken lines road marking),Tangent road with flat terrain,Y Shape,Earth roads,Dry,Darkness - no lighting,Unknown,Vehicle with vehicle collision,2,2,Other,Not a Pedestrian,Other,Serious Injury,20,Night
8378,1900-01-01 20:00:00,Thursday,18-30,5-10yr,Automobile,Other,Two-way (divided with broken lines road marking),Tangent road with flat terrain,Y Shape,Asphalt roads,Dry,Darkness - no lighting,Unknown,Vehicle with vehicle collision,2,2,Going straight,Not a Pedestrian,No priority to vehicle,Serious Injury,20,Night
8379,1900-01-01 18:15:00,Tuesday,31-50,5-10yr,Public (13?45 seats),Office areas,other,Tangent road with flat terrain,Y Shape,Asphalt roads,Dry,Darkness - lights lit,Normal,Vehicle with vehicle collision,1,1,Going straight,Not a Pedestrian,Changing lane to the right,Serious Injury,18,Evening
8380,1900-01-01 23:15:00,Thursday,31-50,5-10yr,Public (13?45 seats),Other,other,Tangent road with flat terrain,Y Shape,Asphalt roads,Dry,Darkness - lights lit,Normal,Vehicle with vehicle collision,1,1,Going straight,Not a Pedestrian,Other,Slight Injury,23,Night