,Time,Day_of_week,Age_band_of_driver,Driving_experience,Type_of_vehicle,Area_accident_occured,Lanes_or_Medians,Road_allignment,Types_of_Junction,Road_surface_type,Road_surface_conditions,Light_conditions,Weather_conditions,Type_of_collision,Number_of_vehicles_involved,Number_of_casualties,Vehicle_movement,Pedestrian_movement,Cause_of_accident,Accident_severity,Hour,TimeLine
9413,1900-01-01 17:35:00,Wednesday,31-50,5-10yr,Lorry (11?40Q),Office areas,Undivided Two way,Tangent road with flat terrain,Crossing,Asphalt roads,Dry,Daylight,Normal,Vehicle with vehicle collision,2,1,Going straight,Not a Pedestrian,Overturning,Slight Injury,17,Evening
9414,1900-01-01 17:35:00,Wednesday,31-50,1-2yr,Lorry (41?100Q),Other,Undivided Two way,Tangent road with flat terrain,Crossing,Asphalt roads,Dry,Daylight,Normal,Vehicle with vehicle collision,2,1,Going straight,Not a Pedestrian,Driving carelessly,Slight Injury,17,Evening
9415,1900-01-01 08:15:00,Wednesday,31-50,5-10yr,Lorry (41?100Q),Other,Two-way (divided with broken lines road marking),Tangent road with flat terrain,No junction,Asphalt roads,Dry,Daylight,Normal,Vehicle with vehicle collision,2,1,Moving Backward,Not a Pedestrian,No distancing,Slight Injury,8,Morning
9416,1900-01-01 08:15:00,Wednesday,31-50,5-10yr,Stationwagen,Office areas,Undivided Two way,Tangent road with flat terrain,No junction,Asphalt roads,Dry,Daylight,Normal,Vehicle with vehicle collision,2,1,Going straight,Not a Pedestrian,Driving carelessly,Slight Injury,8,Morning
9417,1900-01-01 18:05:00,Sunday,31-50,5-10yr,Other,Other,Double carriageway (median),Tangent road with flat terrain,Y Shape,Asphalt roads,Dry,Daylight,Normal,Vehicle with vehicle collision,1,1,Going straight,Not a Pedestrian,Changing lane to the left,Slight Injury,18,Evening
9418,1900-01-01 19:56:00,Thursday,31-50,2-5yr,Automobile, Church areas,other,Tangent road with flat terrain,Y Shape,Asphalt roads,Dry,Daylight,Normal,Vehicle with vehicle collision,2,1,Going straight,Not a Pedestrian,No priority to vehicle,Slight Injury,19,Evening
9419,1900-01-01 19:56:00,Thursday,31-50,5-10yr,Pick up upto 10Q,Office areas,Two-way (divided with broken lines road marking),Tangent road with flat terrain,Y Shape,Asphalt roads,Dry,Daylight,Normal,Vehicle with vehicle collision,2,1,Going straight,Not a Pedestrian,Changing lane to the right,Slight Injury,19,Evening
9420,1900-01-01 22:11:00,Friday,18-30,2-5yr,Motorcycle,Office areas,Two-way (divided with broken lines road marking),Tangent road with flat terrain,Y Shape,Asphalt roads,Dry,Darkness - lights lit,Normal,Vehicle with vehicle collision,1,1,Going straight,Not a Pedestrian,No distancing,Slight Injury,22,Night
9421,1900-01-01 13:07:00,Monday,Over 51,1-2yr,Automobile,Other,Undivided Two way,Tangent road with mountainous terrain and,Crossing,Asphalt roads,Dry,Daylight,Normal,Vehicle with vehicle collision,2,3,Going straight,Not a Pedestrian,Moving Backward,Slight Injury,13,Afternoon
9422,1900-01-01 13:07:00,Monday,Over 51,1-2yr,Pick up upto 10Q,Residential areas,Undivided Two way,Tangent road with flat terrain,Crossing,Asphalt roads,Dry,Daylight,Normal,Vehicle with vehicle collision,2,3,Going straight,Not a Pedestrian,Moving Backward,Slight Injury,13,Afternoon
9423,1900-01-01 13:07:00,Monday,18-30,5-10yr,Motorcycle,Residential areas,Undivided Two way,Tangent road with flat terrain,Crossing,Asphalt roads,Dry,Daylight,Normal,Vehicle with vehicle collision,2,3,Going straight,Not a Pedestrian,No distancing,Slight Injury,13,Afternoon
9424,1900-01-01 07:40:00,Friday,18-30,unknown,Stationwagen,Other,Two-way (divided with broken lines road marking),Tangent road with flat terrain,Crossing,Asphalt roads,Dry,Daylight,Normal,Vehicle with vehicle collision,2,1,Going straight,Not a Pedestrian,No distancing,Slight Injury,7,Morning
9425,1900-01-01 07:40:00,Friday,31-50,5-10yr,Lorry (41?100Q),Other,other,Tangent road with flat terrain,Crossing,Asphalt roads,Dry,Daylight,Normal,Vehicle with vehicle collision,2,1,Going straight,Not a Pedestrian,No distancing,Slight Injury,7,Morning
9426,1900-01-01 22:30:00,Saturday,18-30,1-2yr,Taxi,Office areas,Two-way (divided with broken lines road marking),Steep grade downward with mountainous terrain,No junction,Asphalt roads,Dry,Darkness - lights lit,Normal,Vehicle with vehicle collision,3,1,Going straight,Not a Pedestrian,No priority to pedestrian,Slight Injury,22,Night
9427,1900-01-01 22:30:00,Saturday,31-50,2-5yr,Automobile,School areas,Double carriageway (median),Tangent road with flat terrain,No junction,Asphalt roads,Dry,Darkness - lights lit,Normal,Vehicle with vehicle collision,3,1,Going straight,Not a Pedestrian,Driving carelessly,Slight Injury,22,Night
9428,1900-01-01 22:30:00,Saturday,31-50,Above 10yr,Long lorry,Other,Two-way (divided with broken lines road marking),Steep grade downward with mountainous terrain,No junction,Asphalt roads,Dry,Darkness - lights lit,Normal,Vehicle with vehicle collision,3,1,Other,Not a Pedestrian,Changing lane to the right,Slight Injury,22,Night
9429,1900-01-01 20:10:00,Friday,31-50,5-10yr,Automobile,Other,Two-way (divided with broken lines road marking),Tangent road with rolling terrain,Y Shape,Asphalt roads,Dry,Daylight,Normal,Collision with roadside objects,3,3,Going straight,Not a Pedestrian,Changing lane to the left,Slight Injury,20,Night
9430,1900-01-01 20:10:00,Friday,31-50,1-2yr,Public (12 seats), Church areas,Two-way (divided with broken lines road marking),Tangent road with flat terrain,Y Shape,Asphalt roads,Dry,Daylight,Normal,Vehicle with vehicle collision,3,3,Going straight,Not a Pedestrian,Driving carelessly,Slight Injury,20,Night
9431,1900-01-01 20:10:00,Friday,31-50,Above 10yr,Lorry (11?40Q),Office areas,Two-way (divided with broken lines road marking),Tangent road with mild grade and flat terrain,Y Shape,Asphalt roads,Dry,Daylight,Normal,Collision with pedestrians,3,3,Going straight,Not a Pedestrian,Driving carelessly,Slight Injury,20,Night
9432,1900-01-01 20:10:00,Friday,31-50,1-2yr,Pick up upto 10Q,Other,Two-way (divided with broken lines road marking),Tangent road with mild grade and flat terrain,Y Shape,Asphalt roads,Dry,Daylight,Normal,Vehicle with vehicle collision,3,3,Going straight,Not a Pedestrian,No distancing,Slight Injury,20,Night
9433,1900-01-01 12:47:00,Tuesday,18-30,2-5yr,Lorry (41?100Q),Residential areas,Double carriageway (median),Tangent road with flat terrain,Y Shape,Asphalt roads,Dry,Daylight,Normal,Collision with roadside objects,1,1,Going straight,Not a Pedestrian,Other,Serious Injury,12,Afternoon
9434,1900-01-01 02:34:00,Saturday,Unknown,Above 10yr,Other,Office areas,Two-way (divided with broken lines road marking),Tangent road with flat terrain,No junction,Asphalt roads,Dry,Darkness - lights lit,Normal,Vehicle with vehicle collision,1,1,Going straight,Not a Pedestrian,Changing lane to the right,Serious Injury,2,Night
9435,1900-01-01 20:15:00,Tuesday,31-50,2-5yr,Automobile,Office areas,Undivided Two way,Tangent road with flat terrain,Crossing,Asphalt roads,Dry,Daylight,Normal,Vehicle with vehicle collision,2,1,Going straight,Unknown or other,Changing lane to the right,Serious Injury,20,Night
9436,1900-01-01 20:15:00,Tuesday,31-50,5-10yr,Long lorry,Office areas,Two-way (divided with broken lines road marking),Tangent road with flat terrain,Crossing,Asphalt roads,Dry,Daylight,Normal,Vehicle with vehicle collision,2,1,Other,Not a Pedestrian,No distancing,Serious Injury,20,Night
9437,1900-01-01 18:40:00,Tuesday,18-30,5-10yr,Lorry (11?40Q), Church areas,Two-way (divided with broken lines road marking),Tangent road with flat terrain,Y Shape,Asphalt roads,Dry,Daylight,Normal,Vehicle with vehicle collision,2,1,Going straight,Not a Pedestrian,No distancing,Slight Injury,18,Evening
9438,1900-01-01 18:40:00,Tuesday,18-30,1-2yr,Long lorry,Office areas,Two-way (divided with broken lines road marking),Tangent road with flat terrain,Y Shape,Asphalt roads,Dry,Daylight,Normal,Vehicle with vehicle collision,2,1,Going straight,Not a Pedestrian,Overturning,Slight Injury,18,Evening
9439,1900-01-01 07:26:00,Thursday,Over 51,5-10yr,Automobile,Office areas,Two-way (divided with broken lines road marking),Tangent road with mild grade and flat terrain,No junction,Asphalt roads,Dry,Daylight,Normal,Rollover,2,1,Going straight,Not a Pedestrian,Driving at high speed,Slight Injury,7,Morning
9440,1900-01-01 07:26:00,Thursday,31-50,5-10yr,Taxi,Office areas,Two-way (divided with broken lines road marking),Tangent road with mild grade and flat terrain,No junction,Asphalt roads,Dry,Daylight,Normal,Collision with roadside objects,2,1,Going straight,Not a Pedestrian,No priority to vehicle,Slight Injury,7,Morning
9441,1900-01-01 20:00:00,Thursday,31-50,1-2yr,Taxi,Office areas,Two-way (divided with broken lines road marking),Tangent road with flat terrain,Crossing,Asphalt roads,Dry,Daylight,Normal,Vehicle with vehicle collision,1,1,Going straight,Not a Pedestrian,No priority to pedestrian,Serious Injury,20,Night
9442,1900-01-01 09:24:00,Tuesday,18-30,5-10yr,Long lorry,Other,Two-way (divided with broken lines road marking),Tangent road with flat terrain,Y Shape,Asphalt roads,Dry,Daylight,Normal,Collision with roadside objects,6,2,Going straight,Not a Pedestrian,No priority to vehicle,Serious Injury,9,Morning
9443,1900-01-01 09:24:00,Tuesday,18-30,5-10yr,Lorry (11?40Q),Residential areas,Double carriageway (median),Tangent road with flat terrain,Y Shape,Asphalt roads,Dry,Daylight,Normal,Vehicle with vehicle collision,6,2,Going straight,Not a Pedestrian,Other,Serious Injury,9,Morning
9444,1900-01-01 09:24:00,Tuesday,31-50,2-5yr,Lorry (11?40Q), Church areas,Undivided Two way,Tangent road with flat terrain,Y Shape,Asphalt roads,Dry,Daylight,Normal,Vehicle with vehicle collision,6,2,Going straight,Not a Pedestrian,Other,Serious Injury,9,Morning
9445,1900-01-01 09:24:00,Tuesday,Over 51,1-2yr,Long lorry,Other,Two-way (divided with broken lines road marking),Tangent road with flat terrain,Y Shape,Asphalt roads,Dry,Daylight,Normal,Vehicle with vehicle collision,6,2,Going straight,Not a Pedestrian,Moving Backward,Serious Injury,9,Morning
9446,1900-01-01 09:24:00,Tuesday,31-50,5-10yr,Turbo,  Recreational areas,Two-way (divided with broken lines road marking),Tangent road with flat terrain,Y Shape,Asphalt roads,Dry,Daylight,Normal,Vehicle with vehicle collision,6,2,Moving Backward,Not a Pedestrian,No distancing,Serious Injury,9,Morning
9447,1900-01-01 09:24:00,Tuesday,Over 51,Below 1yr,Long lorry,Other,Two-way (divided with broken lines road marking),Tangent road with flat terrain,Y Shape,Asphalt roads,Dry,Daylight,Normal,Vehicle with vehicle collision,6,2,Going straight,Not a Pedestrian,Moving Backward,Serious Injury,9,Morning
9448,1900-01-01 13:24:00,Wednesday,18-30,5-10yr,Long lorry, Industrial areas,Undivided Two way,Tangent road with mild grade and flat terrain,Y Shape,Asphalt roads,Dry,Daylight,Normal,Collision with roadside objects,2,2,Going straight,Not a Pedestrian,No priority to vehicle,Slight Injury,13,Afternoon
9449,1900-01-01 13:24:00,Wednesday,18-30,5-10yr,Public (13?45 seats),Other,Two-way (divided with broken lines road marking),Tangent road with flat terrain,Y Shape,Asphalt roads,Dry,Daylight,Normal,Vehicle with vehicle collision,2,2,Going straight,Not a Pedestrian,Driving carelessly,Slight Injury,13,Afternoon
9450,1900-01-01 13:24:00,Wednesday,18-30,5-10yr,Automobile,Other,other,Tangent road with flat terrain,Y Shape,Asphalt roads,Dry,Daylight,Normal,Collision with roadside objects,2,2,Going straight,Not a Pedestrian,No distancing,Slight Injury,13,Afternoon
9451,1900-01-01 17:05:00,Friday,18-30,5-10yr,Automobile, Church areas,other,Tangent road with flat terrain,No junction,,Dry,Daylight,Normal,Vehicle with vehicle collision,1,1,Moving Backward,Not a Pedestrian,Other,Slight Injury,17,Evening
9452,1900-01-01 07:02:00,Wednesday,31-50,2-5yr,Pick up upto 10Q, Church areas,Undivided Two way,Tangent road with flat terrain,No junction,Asphalt roads,Dry,Daylight,Normal,Vehicle with vehicle collision,2,1,Going straight,Not a Pedestrian,Changing lane to the right,Serious Injury,7,Morning
9453,1900-01-01 07:02:00,Wednesday,31-50,5-10yr,Automobile,Other,Two-way (divided with broken lines road marking),Tangent road with flat terrain,No junction,Asphalt roads,Dry,Daylight,Normal,Vehicle with vehicle collision,2,1,Other,Not a Pedestrian,No distancing,Serious Injury,7,Morning
9454,1900-01-01 19:20:00,Friday,18-30,Above 10yr,Stationwagen,Other,One way,Tangent road with flat terrain,Crossing,Asphalt roads,Dry,Daylight,Normal,Vehicle with vehicle collision,2,1,Other,Not a Pedestrian,Driving carelessly,Serious Injury,19,Evening
9455,1900-01-01 19:20:00,Friday,18-30,Below 1yr,Automobile,  Recreational areas,Two-way (divided with broken lines road marking),Tangent road with flat terrain,Crossing,Asphalt roads,Dry,Daylight,Normal,Vehicle with vehicle collision,2,1,Going straight,Crossing from nearside - masked by parked or statioNot a Pedestrianry vehicle,No distancing,Serious Injury,19,Evening
9456,1900-01-01 16:10:00,Sunday,18-30,5-10yr,Automobile,Other,Undivided Two way,Tangent road with flat terrain,Crossing,Asphalt roads,Dry,Daylight,Normal,Vehicle with vehicle collision,2,1,Going straight,Not a Pedestrian,No priority to vehicle,Slight Injury,16,Evening
9457,1900-01-01 16:10:00,Sunday,Over 51,2-5yr,Automobile,Office areas,Undivided Two way,Tangent road with flat terrain,Crossing,Asphalt roads,Dry,Daylight,Normal,Vehicle with vehicle collision,2,1,Going straight,Not a Pedestrian,Changing lane to the right,Slight Injury,16,Evening
9458,1900-01-01 18:00:00,Saturday,18-30,2-5yr,Long lorry, Church areas,Two-way (divided with broken lines road marking),Tangent road with flat terrain,No junction,Asphalt roads,Dry,Daylight,Normal,Vehicle with vehicle collision,3,2,Going straight,Not a Pedestrian,No priority to pedestrian,Slight Injury,18,Evening
9459,1900-01-01 18:00:00,Saturday,Over 51,1-2yr,Public (13?45 seats),Office areas,Two-way (divided with broken lines road marking),Tangent road with flat terrain,No junction,Asphalt roads,Dry,Daylight,Normal,Vehicle with vehicle collision,3,2,Other,Not a Pedestrian,No priority to vehicle,Slight Injury,18,Evening
9460,1900-01-01 18:00:00,Saturday,31-50,2-5yr,Public (13?45 seats),Office areas,Undivided Two way,Tangent road with mountainous terrain and,No junction,Asphalt roads,Dry,Daylight,Normal,Vehicle with vehicle collision,3,2,Going straight,Not a Pedestrian,Changing lane to the left,Slight Injury,18,Evening
9461,1900-01-01 08:15:00,Thursday,31-50,2-5yr,Lorry (11?40Q),Other,Undivided Two way,Tangent road with flat terrain,O Shape,Asphalt roads,Dry,Daylight,Normal,Vehicle with vehicle collision,1,1,Getting off,Not a Pedestrian,Turnover,Slight Injury,8,Morning
9462,1900-01-01 11:00:00,Tuesday,31-50,Above 10yr,Lorry (11?40Q),Residential areas,Two-way (divided with broken lines road marking),Tangent road with flat terrain,Y Shape,Asphalt roads,Dry,Daylight,Normal,Rollover,1,1,Going straight,Not a Pedestrian,Driving to the left,Slight Injury,11,Morning
9463,1900-01-01 17:39:00,Wednesday,Over 51,Below 1yr,Pick up upto 10Q,Office areas,Two-way (divided with broken lines road marking),Tangent road with mild grade and flat terrain,No junction,Asphalt roads,Dry,Daylight,Normal,Collision with roadside objects,2,2,Going straight,Not a Pedestrian,Driving carelessly,Slight Injury,17,Evening
9464,1900-01-01 17:39:00,Wednesday,18-30,2-5yr,Automobile,Residential areas,other,Tangent road with flat terrain,No junction,Asphalt roads,Dry,Daylight,Normal,Vehicle with vehicle collision,2,2,Going straight,Not a Pedestrian,Driving to the left,Slight Injury,17,Evening
9465,1900-01-01 17:39:00,Wednesday,18-30,Above 10yr,Automobile,Residential areas,Two-way (divided with broken lines road marking),Tangent road with flat terrain,No junction,Asphalt roads,Dry,Daylight,Normal,Vehicle with vehicle collision,2,2,Going straight,Not a Pedestrian,Driving carelessly,Slight Injury,17,Evening
9466,1900-01-01 20:00:00,Sunday,Over 51,Above 10yr,Automobile,Other,Double carriageway (median),Tangent road with flat terrain,Y Shape,Asphalt roads,Dry,Daylight,Normal,Collision with roadside objects,1,1,Going straight,Not a Pedestrian,No priority to pedestrian,Slight Injury,20,Night
9467,1900-01-01 10:45:00,Wednesday,18-30,5-10yr,Long lorry, Hospital areas,One way,Tangent road with flat terrain,Y Shape,Asphalt roads,Dry,Daylight,Normal,Vehicle with vehicle collision,2,1,Going straight,Not a Pedestrian,Driving carelessly,Slight Injury,10,Morning
9468,1900-01-01 10:45:00,Wednesday,Under 18,Above 10yr,Long lorry,Other,Undivided Two way,Tangent road with flat terrain,Y Shape,Asphalt roads,Dry,Daylight,Normal,Vehicle with vehicle collision,2,1,Moving Backward,Not a Pedestrian,Changing lane to the right,Slight Injury,10,Morning
9469,1900-01-01 06:15:00,Wednesday,18-30,1-2yr,Automobile,Other,Undivided Two way,Tangent road with flat terrain,No junction,Asphalt roads,Dry,Daylight,Normal,Vehicle with vehicle collision,1,1,Going straight,Not a Pedestrian,Moving Backward,Serious Injury,6,Morning
9470,1900-01-01 22:45:00,Wednesday,31-50,2-5yr,Stationwagen,  Recreational areas,One way,Tangent road with mild grade and flat terrain,Crossing,Asphalt roads,Wet or damp,Darkness - lights lit,Raining,Rollover,2,3,Other,Not a Pedestrian,Driving carelessly,Slight Injury,22,Night
9471,1900-01-01 22:45:00,Wednesday,31-50,2-5yr,Automobile,Other,Undivided Two way,Tangent road with flat terrain,Crossing,Asphalt roads,Wet or damp,Darkness - lights lit,Raining,Rollover,2,3,Going straight,Not a Pedestrian,Changing lane to the right,Slight Injury,22,Night
9472,1900-01-01 22:45:00,Wednesday,18-30,5-10yr,Other,Other,Undivided Two way,Tangent road with flat terrain,Crossing,Asphalt roads,Wet or damp,Darkness - lights lit,Raining,Collision with pedestrians,2,3,Going straight,Not a Pedestrian,Driving carelessly,Slight Injury,22,Night
9473,1900-01-01 16:30:00,Tuesday,31-50,5-10yr,Special vehicle,Other,Undivided Two way,Tangent road with flat terrain,Y Shape,Asphalt roads,Dry,Daylight,Normal,Vehicle with vehicle collision,1,2,Going straight,Not a Pedestrian,Driving carelessly,Serious Injury,16,Evening
9474,1900-01-01 16:30:00,Tuesday,31-50,5-10yr,Lorry (41?100Q),Office areas,Two-way (divided with broken lines road marking),Tangent road with flat terrain,Y Shape,Asphalt roads,Dry,Daylight,Normal,Vehicle with vehicle collision,1,2,Going straight,Not a Pedestrian,Driving carelessly,Serious Injury,16,Evening
9475,1900-01-01 14:50:00,Sunday,31-50,Above 10yr,Pick up upto 10Q,Other,Two-way (divided with broken lines road marking),Tangent road with mild grade and flat terrain,Y Shape,Asphalt roads,Dry,Daylight,Normal,Vehicle with vehicle collision,2,1,Going straight,Not a Pedestrian,Changing lane to the right,Serious Injury,14,Afternoon
9476,1900-01-01 14:50:00,Sunday,18-30,Below 1yr,Lorry (11?40Q),Residential areas,Two-way (divided with broken lines road marking),Tangent road with flat terrain,Y Shape,Asphalt roads,Dry,Daylight,Normal,Collision with pedestrians,2,1,Moving Backward,Not a Pedestrian,Changing lane to the right,Serious Injury,14,Afternoon
9477,1900-01-01 14:25:00,Saturday,Over 51,Below 1yr,Lorry (41?100Q),Other,Undivided Two way,Tangent road with flat terrain,Y Shape,Asphalt roads,Dry,Daylight,Normal,Collision with pedestrians,2,1,Going straight,Not a Pedestrian,Driving carelessly,Serious Injury,14,Afternoon
9478,1900-01-01 14:25:00,Saturday,18-30,Above 10yr,Motorcycle,Other,Undivided Two way,Tangent road with flat terrain,Y Shape,Asphalt roads,Dry,Daylight,Normal,Vehicle with vehicle collision,2,1,Going straight,Not a Pedestrian,Overtaking,Serious Injury,14,Afternoon
9479,1900-01-01 15:40:00,Friday,31-50,5-10yr,Automobile, Church areas,Undivided Two way,Tangent road with flat terrain,No junction,Asphalt roads,Dry,Daylight,Normal,Vehicle with vehicle collision,1,1,Going straight,Not a Pedestrian,Changing lane to the right,Slight Injury,15,Afternoon
9480,1900-01-01 17:55:00,Saturday,Over 51,5-10yr,Automobile,Office areas,Undivided Two way,Tangent road with flat terrain,No junction,Gravel roads,Dry,Daylight,Normal,Vehicle with vehicle collision,2,1,Going straight,Not a Pedestrian,No distancing,Slight Injury,17,Evening
9481,1900-01-01 17:55:00,Saturday,18-30,2-5yr,Automobile,School areas,other,Tangent road with flat terrain,No junction,Asphalt roads,Dry,Daylight,Normal,Collision with roadside objects,2,1,Going straight,Not a Pedestrian,Other,Slight Injury,17,Evening
9482,1900-01-01 11:19:00,Thursday,Over 51,2-5yr,Stationwagen,Other,Undivided Two way,Tangent road with flat terrain,No junction,Asphalt roads,Dry,Daylight,Normal,Vehicle with vehicle collision,2,1,Going straight,Not a Pedestrian,Changing lane to the right,Slight Injury,11,Morning
9483,1900-01-01 11:19:00,Thursday,18-30,5-10yr,Automobile,Office areas,Undivided Two way,Tangent road with flat terrain,No junction,Asphalt roads,Dry,Daylight,Normal,Collision with roadside objects,2,1,Going straight,Not a Pedestrian,Changing lane to the right,Slight Injury,11,Morning
9484,1900-01-01 20:15:00,Thursday,Unknown,2-5yr,Public (> 45 seats),Residential areas,other,Steep grade downward with mountainous terrain,Crossing,Asphalt roads,Wet or damp,Daylight,Normal,Vehicle with vehicle collision,1,1,Going straight,Not a Pedestrian,Overtaking,Serious Injury,20,Night
9485,1900-01-01 07:24:00,Monday,18-30,5-10yr,Public (> 45 seats), Industrial areas,One way,Tangent road with flat terrain,No junction,Asphalt roads,Dry,Daylight,Other,Vehicle with vehicle collision,2,1,Going straight,Not a Pedestrian,Other,Slight Injury,7,Morning
9486,1900-01-01 07:24:00,Monday,31-50,2-5yr,Stationwagen,Other,Undivided Two way,Tangent road with flat terrain,No junction,Asphalt roads,Dry,Daylight,Other,Collision with roadside objects,2,1,Going straight,Not a Pedestrian,Driving to the left,Slight Injury,7,Morning
9487,1900-01-01 19:55:00,Sunday,31-50,5-10yr,Automobile,Residential areas,Undivided Two way,Tangent road with flat terrain,No junction,Asphalt roads,Wet or damp,Daylight,Normal,Vehicle with vehicle collision,2,1,Going straight,Not a Pedestrian,Overtaking,Slight Injury,19,Evening
9488,1900-01-01 19:55:00,Sunday,18-30,2-5yr,Bicycle,  Recreational areas,Two-way (divided with broken lines road marking),Tangent road with flat terrain,No junction,Asphalt roads,Wet or damp,Daylight,Normal,Vehicle with vehicle collision,2,1,Other,Not a Pedestrian,No priority to vehicle,Slight Injury,19,Evening
9489,1900-01-01 16:50:00,Sunday,31-50,1-2yr,Automobile,Office areas,other,Tangent road with flat terrain,No junction,Asphalt roads,Dry,Daylight,Normal,Collision with roadside objects,1,1,Going straight,Not a Pedestrian,Moving Backward,Slight Injury,16,Evening
9490,1900-01-01 09:30:00,Friday,18-30,5-10yr,Lorry (41?100Q), Outside rural areas,Two-way (divided with broken lines road marking),Tangent road with flat terrain,No junction,Asphalt roads with some distress,Dry,Daylight,Normal,Collision with roadside objects,1,1,Going straight,Not a Pedestrian,Other,Slight Injury,9,Morning
9491,1900-01-01 06:58:00,Friday,18-30,1-2yr,Automobile, Outside rural areas,Two-way (divided with broken lines road marking),Tangent road with flat terrain,Other,Asphalt roads,Dry,Daylight,Normal,Vehicle with vehicle collision,2,1,Going straight,Not a Pedestrian,No priority to vehicle,Slight Injury,6,Morning
9492,1900-01-01 06:58:00,Friday,Over 51,2-5yr,Public (13?45 seats), Outside rural areas,Undivided Two way,Tangent road with flat terrain,Other,Asphalt roads,Dry,Daylight,Normal,Vehicle with vehicle collision,2,1,Going straight,Not a Pedestrian,No priority to pedestrian,Slight Injury,6,Morning
9493,1900-01-01 09:10:00,Thursday,31-50,1-2yr,Special vehicle, Outside rural areas,Undivided Two way,Tangent road with flat terrain,No junction,Asphalt roads,Dry,Daylight,Normal,Vehicle with vehicle collision,2,1,Going straight,Not a Pedestrian,Changing lane to the right,Slight Injury,9,Morning
9494,1900-01-01 09:10:00,Thursday,31-50,Above 10yr,Automobile, Outside rural areas,other,Steep grade downward with mountainous terrain,No junction,Asphalt roads,Dry,Daylight,Normal,Vehicle with vehicle collision,2,1,Going straight,Not a Pedestrian,Changing lane to the right,Slight Injury,9,Morning
9495,1900-01-01 03:10:00,Thursday,18-30,2-5yr,Public (13?45 seats),School areas,other,Steep grade downward with mountainous terrain,Y Shape,Asphalt roads,Dry,Darkness - lights lit,Normal,Vehicle with vehicle collision,1,1,Moving Backward,Not a Pedestrian,Changing lane to the right,Serious Injury,3,Night
9496,1900-01-01 19:18:00,Wednesday,Unknown,2-5yr,Automobile, Outside rural areas,Two-way (divided with broken lines road marking),Tangent road with flat terrain,Y Shape,Asphalt roads,Dry,Daylight,Normal,Vehicle with vehicle collision,1,1,Going straight,Not a Pedestrian,Driving to the left,Slight Injury,19,Evening
9497,1900-01-01 19:30:00,Saturday,18-30,2-5yr,Lorry (41?100Q), Outside rural areas,Undivided Two way,Tangent road with flat terrain,No junction,Asphalt roads,Dry,Daylight,Normal,Vehicle with vehicle collision,1,1,Going straight,Not a Pedestrian,Changing lane to the left,Slight Injury,19,Evening
9498,1900-01-01 13:25:00,Tuesday,18-30,2-5yr,Lorry (41?100Q), Outside rural areas,Two-way (divided with broken lines road marking),Escarpments,Y Shape,Asphalt roads,Wet or damp,Daylight,Raining,Vehicle with vehicle collision,1,1,Going straight,Not a Pedestrian,Moving Backward,Slight Injury,13,Afternoon
9499,1900-01-01 18:35:00,Saturday,31-50,2-5yr,Public (12 seats), Outside rural areas,Two-way (divided with broken lines road marking),Tangent road with mountainous terrain and,Y Shape,Asphalt roads,Wet or damp,Daylight,Raining,Vehicle with vehicle collision,2,2,Going straight,Not a Pedestrian,Driving at high speed,Slight Injury,18,Evening
9500,1900-01-01 18:35:00,Saturday,Over 51,2-5yr,Lorry (41?100Q),Office areas,Undivided Two way,Tangent road with mountainous terrain and,Y Shape,Asphalt roads,Wet or damp,Daylight,Raining,Vehicle with vehicle collision,2,2,Going straight,Not a Pedestrian,Moving Backward,Slight Injury,18,Evening
9501,1900-01-01 18:35:00,Saturday,Over 51,5-10yr,Lorry (41?100Q), Outside rural areas,Undivided Two way,Tangent road with mountainous terrain and,Y Shape,Asphalt roads,Wet or damp,Daylight,Raining,Vehicle with vehicle collision,2,2,Going straight,Not a Pedestrian,No distancing,Slight Injury,18,Evening
9502,1900-01-01 19:33:00,Saturday,18-30,2-5yr,Public (12 seats), Outside rural areas,Undivided Two way,Tangent road with mountainous terrain and,Crossing,Asphalt roads,Dry,Daylight,Normal,Vehicle with vehicle collision,3,2,Going straight,Not a Pedestrian,Other,Slight Injury,19,Evening
9503,1900-01-01 19:33:00,Saturday,18-30,Above 10yr,Public (> 45 seats), Outside rural areas,Undivided Two way,Tangent road with flat terrain,Crossing,Asphalt roads,Dry,Daylight,Normal,Vehicle with vehicle collision,3,2,Getting off,Not a Pedestrian,No priority to vehicle,Slight Injury,19,Evening
9504,1900-01-01 19:33:00,Saturday,18-30,Above 10yr,Automobile,Office areas,Undivided Two way,Tangent road with flat terrain,Crossing,Asphalt roads,Dry,Daylight,Normal,Vehicle with vehicle collision,3,2,Going straight,Not a Pedestrian,Changing lane to the right,Slight Injury,19,Evening
9505,1900-01-01 19:33:00,Saturday,Unknown,Above 10yr,Pick up upto 10Q,  Recreational areas,Undivided Two way,Tangent road with flat terrain,Crossing,Asphalt roads,Dry,Daylight,Normal,Vehicle with vehicle collision,3,2,Going straight,Not a Pedestrian,Other,Slight Injury,19,Evening
9506,1900-01-01 14:00:00,Monday,31-50,5-10yr,Stationwagen,Office areas,Undivided Two way,Tangent road with flat terrain,No junction,Asphalt roads,Wet or damp,Daylight,Raining,Vehicle with vehicle collision,1,1,Turnover,Not a Pedestrian,No distancing,Slight Injury,14,Afternoon
9507,1900-01-01 07:20:00,Wednesday,18-30,2-5yr,Other,Other,Two-way (divided with broken lines road marking),Tangent road with mild grade and flat terrain,No junction,Asphalt roads,Dry,Daylight,Normal,Vehicle with vehicle collision,3,1,Moving Backward,Not a Pedestrian,Driving carelessly,Slight Injury,7,Morning