,Time,Day_of_week,Age_band_of_driver,Driving_experience,Type_of_vehicle,Area_accident_occured,Lanes_or_Medians,Road_allignment,Types_of_Junction,Road_surface_type,Road_surface_conditions,Light_conditions,Weather_conditions,Type_of_collision,Number_of_vehicles_involved,Number_of_casualties,Vehicle_movement,Pedestrian_movement,Cause_of_accident,Accident_severity,Hour,TimeLine
9790,1900-01-01 09:25:00,Friday,31-50,2-5yr,Pick up upto 10Q,Other,Two-way (divided with broken lines road marking),Tangent road with flat terrain,No junction,Asphalt roads,Wet or damp,Daylight,Normal,Vehicle with vehicle collision,2,1,Going straight,Not a Pedestrian,No distancing,Serious Injury,9,Morning
9791,1900-01-01 09:25:00,Friday,18-30,5-10yr,Automobile,Other,Two-way (divided with broken lines road marking),Tangent road with flat terrain,No junction,Asphalt roads,Wet or damp,Daylight,Normal,Collision with pedestrians,2,1,Going straight,Not a Pedestrian,No distancing,Serious Injury,9,Morning
9792,1900-01-01 14:10:00,Wednesday,18-30,Above 10yr,Public (12 seats),Other,Two-way (divided with broken lines road marking),Tangent road with flat terrain,No junction,Asphalt roads,Dry,Daylight,Normal,Vehicle with vehicle collision,2,1,Going straight,Not a Pedestrian,Getting off the vehicle improperly,Slight Injury,14,Afternoon
9793,1900-01-01 14:10:00,Wednesday,Over 51,2-5yr,Automobile,School areas,Double carriageway (median),Tangent road with flat terrain,No junction,Asphalt roads,Dry,Daylight,Normal,Vehicle with vehicle collision,2,1,Moving Backward,Not a Pedestrian,No priority to pedestrian,Slight Injury,14,Afternoon
9794,1900-01-01 14:00:00,Friday,31-50,Above 10yr,Other,School areas,Double carriageway (median),Tangent road with flat terrain,Y Shape,Asphalt roads,Wet or damp,Daylight,Normal,Collision with roadside objects,2,1,Moving Backward,Not a Pedestrian,Changing lane to the left,Slight Injury,14,Afternoon
9795,1900-01-01 14:00:00,Friday,31-50,5-10yr,Public (12 seats),School areas,Undivided Two way,Tangent road with flat terrain,Y Shape,Asphalt roads,Wet or damp,Daylight,Normal,Vehicle with vehicle collision,2,1,Moving Backward,Not a Pedestrian,No distancing,Slight Injury,14,Afternoon
9796,1900-01-01 22:05:00,Tuesday,Unknown,5-10yr,Stationwagen,Residential areas,One way,Tangent road with flat terrain,Crossing,Gravel roads,Wet or damp,Darkness - lights lit,Normal,Vehicle with vehicle collision,2,1,Other,Not a Pedestrian,Driving carelessly,Slight Injury,22,Night
9797,1900-01-01 22:05:00,Tuesday,Over 51,5-10yr,Lorry (41?100Q),Other,Undivided Two way,Tangent road with flat terrain,Crossing,Asphalt roads,Wet or damp,Darkness - lights lit,Normal,Collision with pedestrians,2,1,Going straight,Not a Pedestrian,No distancing,Slight Injury,22,Night
9798,1900-01-01 07:00:00,Thursday,18-30,Below 1yr,Lorry (41?100Q),Office areas,Two-way (divided with broken lines road marking),Tangent road with flat terrain,Y Shape,Asphalt roads,Wet or damp,Darkness - lights lit,Windy,Vehicle with vehicle collision,2,1,Unknown,Not a Pedestrian,Changing lane to the right,Slight Injury,7,Morning
9799,1900-01-01 07:00:00,Thursday,31-50,2-5yr,Lorry (41?100Q),Other,Two-way (divided with broken lines road marking),Tangent road with flat terrain,Y Shape,Asphalt roads,Wet or damp,Darkness - lights lit,Windy,Vehicle with vehicle collision,2,1,Turnover,Not a Pedestrian,Overtaking,Slight Injury,7,Morning
9800,1900-01-01 07:35:00,Thursday,18-30,2-5yr,Automobile,School areas,Undivided Two way,Tangent road with flat terrain,Y Shape,Asphalt roads,Wet or damp,Darkness - lights lit,Raining,Collision with pedestrians,2,1,Getting off,Not a Pedestrian,Driving carelessly,Slight Injury,7,Morning
9801,1900-01-01 07:35:00,Thursday,31-50,2-5yr,Lorry (41?100Q),Other,Double carriageway (median),Tangent road with flat terrain,Y Shape,Asphalt roads,Wet or damp,Darkness - lights lit,Raining,Collision with pedestrians,2,1,Going straight,Not a Pedestrian,Moving Backward,Slight Injury,7,Morning
9802,1900-01-01 08:43:00,Wednesday,31-50,2-5yr,Automobile, Industrial areas,Two-way (divided with broken lines road marking),Tangent road with flat terrain,Y Shape,Asphalt roads,Wet or damp,Daylight,Raining,Collision with pedestrians,2,2,Going straight,Not a Pedestrian,No distancing,Slight Injury,8,Morning
9803,1900-01-01 08:43:00,Wednesday,31-50,5-10yr,Public (12 seats),Other,Two-way (divided with broken lines road marking),Tangent road with flat terrain,Y Shape,Asphalt roads,Wet or damp,Daylight,Raining,Collision with roadside objects,2,2,Going straight,Not a Pedestrian,Overtaking,Slight Injury,8,Morning
9804,1900-01-01 16:05:00,Tuesday,Over 51,5-10yr,Automobile,Office areas,Two-way (divided with broken lines road marking),Tangent road with flat terrain,Y Shape,Asphalt roads,Wet or damp,Daylight,Normal,Vehicle with vehicle collision,1,1,Turnover,Not a Pedestrian,Driving carelessly,Serious Injury,16,Evening
9805,1900-01-01 22:05:00,Friday,18-30,Above 10yr,Stationwagen,Other,Two-way (divided with broken lines road marking),Tangent road with flat terrain,Y Shape,Asphalt roads,Wet or damp,Darkness - lights lit,Raining,Vehicle with vehicle collision,2,3,Reversing,Not a Pedestrian,Driving carelessly,Serious Injury,22,Night
9806,1900-01-01 22:05:00,Friday,18-30,5-10yr,Automobile,Other,Two-way (divided with broken lines road marking),Tangent road with flat terrain,Y Shape,Asphalt roads,Wet or damp,Darkness - lights lit,Raining,Vehicle with vehicle collision,2,3,Moving Backward,Not a Pedestrian,Moving Backward,Serious Injury,22,Night
9807,1900-01-01 22:05:00,Friday,18-30,5-10yr,Lorry (41?100Q), Outside rural areas,Undivided Two way,Tangent road with flat terrain,Y Shape,Asphalt roads,Wet or damp,Darkness - lights lit,Raining,Vehicle with vehicle collision,2,3,Other,Crossing from driver's nearside,Driving carelessly,Serious Injury,22,Night
9808,1900-01-01 22:05:00,Friday,18-30,Above 10yr,Other,Other,other,Tangent road with flat terrain,Y Shape,Asphalt roads,Wet or damp,Darkness - lights lit,Raining,Vehicle with vehicle collision,2,3,Going straight,Not a Pedestrian,Driving to the left,Serious Injury,22,Night
9809,1900-01-01 03:40:00,Saturday,18-30,5-10yr,Pick up upto 10Q,Residential areas,Two-way (divided with broken lines road marking),Tangent road with flat terrain,Y Shape,Asphalt roads,Wet or damp,Darkness - lights lit,Windy,Vehicle with vehicle collision,1,1,Going straight,Not a Pedestrian,Changing lane to the left,Slight Injury,3,Night
9810,1900-01-01 09:25:00,Tuesday,Over 51,5-10yr,Automobile,Office areas,Two-way (divided with broken lines road marking),Tangent road with flat terrain,Crossing,Asphalt roads,Dry,Daylight,Normal,Collision with pedestrians,6,1,Going straight,Not a Pedestrian,No distancing,Slight Injury,9,Morning
9811,1900-01-01 09:25:00,Tuesday,Unknown,5-10yr,Lorry (41?100Q),Office areas,Double carriageway (median),Tangent road with flat terrain,Crossing,Asphalt roads,Dry,Daylight,Normal,Collision with roadside objects,6,1,Going straight,Not a Pedestrian,No distancing,Slight Injury,9,Morning
9812,1900-01-01 09:25:00,Tuesday,Unknown,Below 1yr,Automobile, Hospital areas,One way,Tangent road with flat terrain,Crossing,Asphalt roads,Dry,Daylight,Normal,Vehicle with vehicle collision,6,1,Going straight,Not a Pedestrian,Changing lane to the right,Slight Injury,9,Morning
9813,1900-01-01 09:25:00,Tuesday,Unknown,5-10yr,Public (13?45 seats), Industrial areas,Two-way (divided with broken lines road marking),Tangent road with flat terrain,Crossing,Asphalt roads,Dry,Daylight,Normal,Vehicle with vehicle collision,6,1,Going straight,Not a Pedestrian,Driving under the influence of drugs,Slight Injury,9,Morning
9814,1900-01-01 09:25:00,Tuesday,Unknown,5-10yr,Automobile,Other,Undivided Two way,Tangent road with flat terrain,Crossing,Asphalt roads,Dry,Daylight,Normal,Vehicle with vehicle collision,6,1,Going straight,Not a Pedestrian,Changing lane to the right,Slight Injury,9,Morning
9815,1900-01-01 09:25:00,Tuesday,Unknown,5-10yr,Lorry (41?100Q),Office areas,Undivided Two way,Tangent road with flat terrain,Crossing,Asphalt roads,Dry,Daylight,Normal,Vehicle with vehicle collision,6,1,Going straight,Not a Pedestrian,Changing lane to the left,Slight Injury,9,Morning
9816,1900-01-01 07:58:00,Thursday,Under 18,Above 10yr,Public (12 seats),Office areas,other,Tangent road with flat terrain,Y Shape,Asphalt roads,Wet or damp,Daylight,Raining,With Train,2,2,Going straight,Not a Pedestrian,Moving Backward,Slight Injury,7,Morning
9817,1900-01-01 07:58:00,Thursday,18-30,Above 10yr,Motorcycle,Residential areas,Two-way (divided with broken lines road marking),Tangent road with flat terrain,Y Shape,Asphalt roads,Wet or damp,Daylight,Raining,Vehicle with vehicle collision,2,2,Other,Not a Pedestrian,No distancing,Slight Injury,7,Morning
9818,1900-01-01 20:15:00,Tuesday,18-30,Above 10yr,Public (12 seats),Residential areas,Two-way (divided with broken lines road marking),Tangent road with flat terrain,O Shape,Other,Wet or damp,Darkness - no lighting,Raining,Vehicle with vehicle collision,2,1,Moving Backward,Not a Pedestrian,Changing lane to the right,Slight Injury,20,Night
9819,1900-01-01 20:15:00,Tuesday,18-30,Above 10yr,Lorry (41?100Q),School areas,Two-way (divided with broken lines road marking),Tangent road with flat terrain,O Shape,,Wet or damp,Darkness - no lighting,Raining,Vehicle with vehicle collision,2,1,Going straight,Not a Pedestrian,Moving Backward,Slight Injury,20,Night
9820,1900-01-01 17:10:00,Tuesday,18-30,Above 10yr,Automobile,Other,Two-way (divided with broken lines road marking),Tangent road with flat terrain,Y Shape,Asphalt roads,Wet or damp,Darkness - lights lit,Normal,Vehicle with vehicle collision,2,2,Moving Backward,Not a Pedestrian,No distancing,Slight Injury,17,Evening
9821,1900-01-01 17:10:00,Tuesday,31-50,Above 10yr,Lorry (41?100Q),  Market areas,Undivided Two way,Tangent road with flat terrain,Y Shape,Asphalt roads,Wet or damp,Darkness - lights lit,Normal,Vehicle with vehicle collision,2,2,Going straight,Not a Pedestrian,Driving to the left,Slight Injury,17,Evening
9822,1900-01-01 17:10:00,Tuesday,31-50,5-10yr,Stationwagen,Office areas,other,Tangent road with flat terrain,Y Shape,Asphalt roads,Wet or damp,Darkness - lights lit,Normal,Vehicle with vehicle collision,2,2,Moving Backward,Not a Pedestrian,Driving to the left,Slight Injury,17,Evening
9823,1900-01-01 15:30:00,Saturday,Unknown,2-5yr,Pick up upto 10Q, Church areas,Two-way (divided with broken lines road marking),Tangent road with flat terrain,Y Shape,Asphalt roads,Wet or damp,Daylight,Normal,Vehicle with vehicle collision,2,2,Going straight,Not a Pedestrian,Moving Backward,Slight Injury,15,Afternoon
9824,1900-01-01 15:30:00,Saturday,18-30,Below 1yr,Automobile, Church areas,Two-way (divided with broken lines road marking),Tangent road with flat terrain,Y Shape,Asphalt roads,Wet or damp,Daylight,Normal,Vehicle with vehicle collision,2,2,Going straight,Not a Pedestrian,Moving Backward,Slight Injury,15,Afternoon
9825,1900-01-01 09:47:00,Saturday,18-30,Below 1yr,Automobile,Residential areas,Double carriageway (median),Tangent road with flat terrain,Crossing,Asphalt roads,Wet or damp,Daylight,Raining,Vehicle with vehicle collision,3,1,Going straight,Crossing from nearside - masked by parked or statioNot a Pedestrianry vehicle,Overtaking,Slight Injury,9,Morning
9826,1900-01-01 09:47:00,Saturday,Over 51,2-5yr,Automobile,Residential areas,Two-way (divided with broken lines road marking),Tangent road with flat terrain,Crossing,Asphalt roads,Wet or damp,Daylight,Raining,Collision with pedestrians,3,1,Going straight,Crossing from nearside - masked by parked or statioNot a Pedestrianry vehicle,Driving carelessly,Slight Injury,9,Morning
9827,1900-01-01 09:47:00,Saturday,31-50,Below 1yr,Other,Residential areas,Double carriageway (median),Tangent road with flat terrain,Crossing,Asphalt roads,Wet or damp,Daylight,Raining,Collision with roadside objects,3,1,Going straight,Not a Pedestrian,Changing lane to the left,Slight Injury,9,Morning
9828,1900-01-01 11:19:00,Monday,18-30,Below 1yr,Automobile,Residential areas,Two-way (divided with broken lines road marking),Tangent road with flat terrain,No junction,Asphalt roads,Dry,Daylight,Normal,Collision with roadside objects,2,1,Other,Not a Pedestrian,Driving under the influence of drugs,Serious Injury,11,Morning
9829,1900-01-01 11:19:00,Monday,Over 51,5-10yr,Public (13?45 seats),Other,Double carriageway (median),Tangent road with flat terrain,No junction,Asphalt roads,Dry,Daylight,Normal,Vehicle with vehicle collision,2,1,Going straight,Not a Pedestrian,No distancing,Serious Injury,11,Morning
9830,1900-01-01 13:13:00,Friday,Unknown,5-10yr,Public (13?45 seats),Other,Two-way (divided with broken lines road marking),Tangent road with flat terrain,No junction,Asphalt roads,Dry,Daylight,Normal,Vehicle with vehicle collision,2,1,Moving Backward,Not a Pedestrian,Moving Backward,Slight Injury,13,Afternoon
9831,1900-01-01 13:13:00,Friday,18-30,Below 1yr,Automobile,Residential areas,Two-way (divided with broken lines road marking),Tangent road with flat terrain,No junction,Asphalt roads,Dry,Daylight,Normal,Vehicle with vehicle collision,2,1,Moving Backward,Not a Pedestrian,Changing lane to the left,Slight Injury,13,Afternoon
9832,1900-01-01 15:55:00,Thursday,18-30,Below 1yr,Public (12 seats),Other,other,Tangent road with flat terrain,Y Shape,Other,Wet or damp,Daylight,Raining,Vehicle with vehicle collision,2,3,Moving Backward,Not a Pedestrian,Changing lane to the right,Slight Injury,15,Afternoon
9833,1900-01-01 15:55:00,Thursday,18-30,1-2yr,Public (12 seats), Church areas,Undivided Two way,Tangent road with flat terrain,Y Shape,Asphalt roads,Wet or damp,Daylight,Raining,Vehicle with vehicle collision,2,3,Going straight,Crossing from driver's nearside,No distancing,Slight Injury,15,Afternoon
9834,1900-01-01 15:55:00,Thursday,31-50,Above 10yr,Lorry (41?100Q),Other,Undivided Two way,Tangent road with flat terrain,Y Shape,Asphalt roads,Wet or damp,Daylight,Raining,Collision with roadside objects,2,3,Going straight,Not a Pedestrian,Driving at high speed,Slight Injury,15,Afternoon
9835,1900-01-01 10:47:00,Thursday,31-50,Above 10yr,Automobile,Office areas,Undivided Two way,Tangent road with flat terrain,Y Shape,Asphalt roads,Wet or damp,Daylight,Normal,Vehicle with vehicle collision,2,2,Going straight,Not a Pedestrian,Changing lane to the right,Slight Injury,10,Morning
9836,1900-01-01 10:47:00,Thursday,31-50,Below 1yr,Pick up upto 10Q,Office areas,Two-way (divided with broken lines road marking),Tangent road with flat terrain,Y Shape,Asphalt roads,Wet or damp,Daylight,Normal,Vehicle with vehicle collision,2,2,Going straight,Not a Pedestrian,No priority to vehicle,Slight Injury,10,Morning
9837,1900-01-01 15:00:00,Thursday,18-30,2-5yr,Pick up upto 10Q,Residential areas,Undivided Two way,Tangent road with flat terrain,No junction,Asphalt roads,Dry,Daylight,Normal,Vehicle with vehicle collision,2,1,Other,Not a Pedestrian,No distancing,Slight Injury,15,Afternoon
9838,1900-01-01 15:00:00,Thursday,18-30,2-5yr,Lorry (41?100Q),Other,Two-way (divided with broken lines road marking),Tangent road with flat terrain,No junction,Asphalt roads,Dry,Daylight,Normal,Vehicle with vehicle collision,2,1,Going straight,Crossing from driver's nearside,Turnover,Slight Injury,15,Afternoon
9839,1900-01-01 18:40:00,Thursday,18-30,Above 10yr,Automobile, Industrial areas,Undivided Two way,Tangent road with flat terrain,Y Shape,Asphalt roads,Wet or damp,Darkness - lights lit,Raining,Vehicle with vehicle collision,1,1,Going straight,Not a Pedestrian,No distancing,Slight Injury,18,Evening
9840,1900-01-01 03:55:00,Monday,18-30,2-5yr,Stationwagen,Office areas,Two-way (divided with broken lines road marking),Tangent road with flat terrain,No junction,Asphalt roads,Wet or damp,Darkness - lights lit,Raining and Windy,Vehicle with vehicle collision,2,2,Going straight,Not a Pedestrian,Changing lane to the right,Slight Injury,3,Night
9841,1900-01-01 03:55:00,Monday,18-30,2-5yr,Motorcycle,  Recreational areas,Two-way (divided with broken lines road marking),Tangent road with flat terrain,No junction,Asphalt roads,Wet or damp,Darkness - lights lit,Raining and Windy,Collision with pedestrians,2,2,Reversing,Not a Pedestrian,No distancing,Slight Injury,3,Night
9842,1900-01-01 03:55:00,Monday,18-30,1-2yr,Automobile,Residential areas,Two-way (divided with broken lines road marking),Tangent road with flat terrain,No junction,Other,Wet or damp,Darkness - lights lit,Raining and Windy,Collision with pedestrians,2,2,Moving Backward,Not a Pedestrian,Changing lane to the left,Slight Injury,3,Night
9843,1900-01-01 17:45:00,Sunday,31-50,5-10yr,Other,Residential areas,Undivided Two way,Tangent road with flat terrain,Crossing,Asphalt roads,Dry,Darkness - lights lit,Normal,Collision with roadside objects,2,3,Going straight,Not a Pedestrian,Driving carelessly,Slight Injury,17,Evening
9844,1900-01-01 17:45:00,Sunday,18-30,Below 1yr,Automobile, Church areas,Undivided Two way,Steep grade downward with mountainous terrain,Crossing,Asphalt roads,Dry,Darkness - lights lit,Normal,Collision with pedestrians,2,3,Going straight,Not a Pedestrian,Changing lane to the right,Slight Injury,17,Evening
9845,1900-01-01 17:45:00,Sunday,18-30,Below 1yr,Automobile,Residential areas,Undivided Two way,Tangent road with flat terrain,Crossing,,Dry,Darkness - lights lit,Normal,Vehicle with vehicle collision,2,3,Reversing,Not a Pedestrian,No priority to vehicle,Slight Injury,17,Evening
9846,1900-01-01 17:45:00,Sunday,18-30,5-10yr,Automobile,Other,other,Tangent road with flat terrain,Crossing,Asphalt roads,Dry,Darkness - lights lit,Normal,Vehicle with vehicle collision,2,3,Going straight,Not a Pedestrian,No distancing,Slight Injury,17,Evening
9847,1900-01-01 19:10:00,Friday,31-50,Below 1yr,Public (> 45 seats),Other,Undivided Two way,Tangent road with flat terrain,Crossing,Asphalt roads,Wet or damp,Darkness - lights lit,Raining,Vehicle with vehicle collision,1,1,Reversing,Not a Pedestrian,No priority to pedestrian,Slight Injury,19,Evening
9848,1900-01-01 10:13:00,Thursday,31-50,1-2yr,Automobile,Other,Two-way (divided with solid lines road marking),Tangent road with flat terrain,Y Shape,Asphalt roads,Dry,Daylight,Normal,Collision with roadside objects,2,1,Other,Not a Pedestrian,No priority to pedestrian,Serious Injury,10,Morning
9849,1900-01-01 10:13:00,Thursday,Over 51,2-5yr,Other, Church areas,Two-way (divided with solid lines road marking),Tangent road with flat terrain,Y Shape,Earth roads,Dry,Daylight,Normal,Collision with roadside objects,2,1,Going straight,Not a Pedestrian,No priority to vehicle,Serious Injury,10,Morning
9850,1900-01-01 09:48:00,Friday,Under 18,1-2yr,Automobile,Other,Two-way (divided with solid lines road marking),Tangent road with flat terrain,Crossing,Asphalt roads,Dry,Daylight,Normal,Vehicle with vehicle collision,2,1,Going straight,"In carriageway, statioNot a Pedestrianry - not crossing  (standing or playing)",Changing lane to the left,Slight Injury,9,Morning
9851,1900-01-01 09:48:00,Friday,18-30,5-10yr,Other, Church areas,Two-way (divided with solid lines road marking),Tangent road with flat terrain,Crossing,Asphalt roads,Dry,Daylight,Normal,Vehicle with vehicle collision,2,1,Going straight,Not a Pedestrian,Changing lane to the left,Slight Injury,9,Morning
9852,1900-01-01 16:20:00,Monday,18-30,Below 1yr,Lorry (41?100Q), Church areas,Two-way (divided with broken lines road marking),Tangent road with flat terrain,Y Shape,Asphalt roads,Wet or damp,Darkness - lights lit,Normal,Vehicle with vehicle collision,2,1,Going straight,Not a Pedestrian,No distancing,Slight Injury,16,Evening
9853,1900-01-01 16:20:00,Monday,18-30,Above 10yr,Pick up upto 10Q,Other,Undivided Two way,Tangent road with flat terrain,Y Shape,Asphalt roads,Wet or damp,Darkness - lights lit,Normal,Vehicle with vehicle collision,2,1,Going straight,Crossing from nearside - masked by parked or statioNot a Pedestrianry vehicle,No priority to vehicle,Slight Injury,16,Evening
9854,1900-01-01 19:40:00,Thursday,18-30,5-10yr,Public (13?45 seats),Other,Undivided Two way,Tangent road with flat terrain,Y Shape,Asphalt roads,Dry,Darkness - lights lit,Normal,Vehicle with vehicle collision,1,1,Going straight,Crossing from nearside - masked by parked or statioNot a Pedestrianry vehicle,No distancing,Slight Injury,19,Evening
9855,1900-01-01 16:53:00,Wednesday,18-30,Below 1yr,Automobile,School areas,other,Tangent road with flat terrain,Y Shape,Asphalt roads,Dry,Darkness - lights lit,Normal,Vehicle with vehicle collision,1,1,Going straight,Not a Pedestrian,No distancing,Slight Injury,16,Evening
9856,1900-01-01 12:55:00,Wednesday,31-50,5-10yr,Pick up upto 10Q,Residential areas,Undivided Two way,Tangent road with flat terrain,No junction,Asphalt roads,Dry,Daylight,Normal,Vehicle with vehicle collision,1,1,Going straight,Not a Pedestrian,Changing lane to the right,Slight Injury,12,Afternoon
9857,1900-01-01 19:32:00,Friday,31-50,5-10yr,Automobile,Other,Two-way (divided with broken lines road marking),Tangent road with flat terrain,Y Shape,Asphalt roads,Wet or damp,Darkness - lights lit,Raining,Vehicle with vehicle collision,2,2,Going straight,Not a Pedestrian,Changing lane to the left,Slight Injury,19,Evening
9858,1900-01-01 19:32:00,Friday,18-30,2-5yr,Lorry (41?100Q),Office areas,Undivided Two way,Tangent road with flat terrain,Y Shape,Asphalt roads,Wet or damp,Darkness - lights lit,Raining,Vehicle with vehicle collision,2,2,Going straight,Not a Pedestrian,No distancing,Slight Injury,19,Evening
9859,1900-01-01 17:35:00,Saturday,18-30,Above 10yr,Automobile,Residential areas,Undivided Two way,Tangent road with flat terrain,Crossing,Asphalt roads,Wet or damp,Darkness - lights lit,Raining,Collision with roadside objects,2,2,Going straight,Not a Pedestrian,Overturning,Slight Injury,17,Evening
9860,1900-01-01 17:35:00,Saturday,Over 51,5-10yr,Lorry (41?100Q),Other,One way,Steep grade downward with mountainous terrain,Crossing,Asphalt roads,Wet or damp,Darkness - lights lit,Raining,Collision with roadside objects,2,2,Going straight,Not a Pedestrian,No priority to vehicle,Slight Injury,17,Evening
9861,1900-01-01 17:35:00,Saturday,Over 51,1-2yr,Lorry (41?100Q),Residential areas,Two-way (divided with broken lines road marking),Tangent road with flat terrain,Crossing,Asphalt roads,Wet or damp,Darkness - lights lit,Raining,Collision with pedestrians,2,2,Going straight,Crossing from offside - masked by  parked or statioNot a Pedestrianry vehicle,Moving Backward,Slight Injury,17,Evening
9862,1900-01-01 18:40:00,Tuesday,18-30,5-10yr,Lorry (41?100Q),Residential areas,Undivided Two way,Tangent road with flat terrain,Crossing,Asphalt roads,Dry,Darkness - lights lit,Normal,Vehicle with vehicle collision,2,1,Going straight,Not a Pedestrian,Driving under the influence of drugs,Slight Injury,18,Evening
9863,1900-01-01 18:40:00,Tuesday,18-30,2-5yr,Public (13?45 seats),Residential areas,Two-way (divided with broken lines road marking),Tangent road with flat terrain,Crossing,Asphalt roads,Dry,Darkness - lights lit,Normal,Vehicle with vehicle collision,2,1,Going straight,Crossing from driver's nearside,Moving Backward,Slight Injury,18,Evening
9864,1900-01-01 15:47:00,Thursday,31-50,Below 1yr,Automobile,Other,other,Tangent road with flat terrain,Y Shape,Asphalt roads,Wet or damp,Daylight,Normal,Vehicle with vehicle collision,1,1,Going straight,Not a Pedestrian,Changing lane to the right,Slight Injury,15,Afternoon
9865,1900-01-01 14:57:00,Sunday,Under 18,Below 1yr,Other,Other,Undivided Two way,Tangent road with flat terrain,No junction,Asphalt roads,Dry,Daylight,Normal,Vehicle with vehicle collision,1,1,Moving Backward,Not a Pedestrian,Overspeed,Slight Injury,14,Afternoon
9866,1900-01-01 17:25:00,Friday,31-50,5-10yr,Other,Other,One way,Tangent road with flat terrain,Y Shape,Asphalt roads,Wet or damp,Darkness - no lighting,Normal,Vehicle with vehicle collision,2,2,Going straight,Not a Pedestrian,Driving under the influence of drugs,Serious Injury,17,Evening
9867,1900-01-01 17:25:00,Friday,31-50,5-10yr,Other, Hospital areas,Undivided Two way,Tangent road with flat terrain,Y Shape,Earth roads,Wet or damp,Darkness - no lighting,Normal,Vehicle with vehicle collision,2,2,Going straight,Not a Pedestrian,Driving carelessly,Serious Injury,17,Evening
9868,1900-01-01 17:25:00,Friday,31-50,1-2yr,Automobile,Residential areas,Undivided Two way,Tangent road with flat terrain,Y Shape,Asphalt roads,Wet or damp,Darkness - no lighting,Normal,Vehicle with vehicle collision,2,2,Going straight,Not a Pedestrian,No distancing,Serious Injury,17,Evening
9869,1900-01-01 17:22:00,Sunday,Over 51,5-10yr,Other,Residential areas,One way,Tangent road with flat terrain,Crossing,Asphalt roads,Wet or damp,Darkness - lights lit,Normal,Vehicle with vehicle collision,2,2,Going straight,Not a Pedestrian,No priority to vehicle,Serious Injury,17,Evening
9870,1900-01-01 17:22:00,Sunday,Under 18,Above 10yr,Lorry (41?100Q),Residential areas,Undivided Two way,Tangent road with flat terrain,Crossing,Asphalt roads,Wet or damp,Darkness - lights lit,Normal,Vehicle with vehicle collision,2,2,Turnover,Not a Pedestrian,Overspeed,Serious Injury,17,Evening
9871,1900-01-01 16:05:00,Monday,18-30,1-2yr,Public (12 seats),Other,Two-way (divided with broken lines road marking),Tangent road with flat terrain,Y Shape,Asphalt roads,Dry,Daylight,Normal,Collision with pedestrians,3,1,Going straight,Not a Pedestrian,Driving under the influence of drugs,Slight Injury,16,Evening
9872,1900-01-01 16:05:00,Monday,31-50,5-10yr,Lorry (41?100Q),Office areas,Two-way (divided with broken lines road marking),Tangent road with flat terrain,Y Shape,Asphalt roads,Dry,Daylight,Normal,Collision with pedestrians,3,1,Going straight,Not a Pedestrian,Changing lane to the right,Slight Injury,16,Evening
9873,1900-01-01 16:05:00,Monday,18-30,Above 10yr,Public (12 seats),Other,other,Tangent road with flat terrain,Y Shape,Asphalt roads,Dry,Daylight,Normal,Vehicle with vehicle collision,3,1,Going straight,Not a Pedestrian,Changing lane to the right,Slight Injury,16,Evening
9874,1900-01-01 09:00:00,Thursday,18-30,2-5yr,Lorry (41?100Q),Office areas,Double carriageway (median),Tangent road with flat terrain,Crossing,Asphalt roads,Wet or damp,Daylight,Other,Vehicle with vehicle collision,2,1,Going straight,Not a Pedestrian,Changing lane to the right,Slight Injury,9,Morning
9875,1900-01-01 09:00:00,Thursday,18-30,5-10yr,Other,Residential areas,Two-way (divided with broken lines road marking),Tangent road with flat terrain,Crossing,Asphalt roads,Wet or damp,Daylight,Other,Vehicle with vehicle collision,2,1,Going straight,Not a Pedestrian,Changing lane to the right,Slight Injury,9,Morning
9876,1900-01-01 08:55:00,Saturday,18-30,Below 1yr,Lorry (41?100Q),Office areas,Double carriageway (median),Gentle horizontal curve,Y Shape,Asphalt roads,Dry,Daylight,Normal,Vehicle with vehicle collision,1,1,Going straight,Not a Pedestrian,Moving Backward,Slight Injury,8,Morning
9877,1900-01-01 10:44:00,Friday,31-50,5-10yr,Automobile,Office areas,Double carriageway (median),Tangent road with flat terrain,No junction,Asphalt roads,Dry,Daylight,Normal,Vehicle with vehicle collision,1,1,Going straight,Not a Pedestrian,No distancing,Slight Injury,10,Morning
9878,1900-01-01 16:18:00,Wednesday,18-30,Above 10yr,Public (> 45 seats),Other,Double carriageway (median),Tangent road with flat terrain,Unknown,Earth roads,Wet or damp,Darkness - lights lit,Normal,Vehicle with vehicle collision,1,1,Going straight,Not a Pedestrian,Overspeed,Slight Injury,16,Evening
9879,1900-01-01 17:21:00,Thursday,18-30,5-10yr,Lorry (41?100Q),Office areas,Two-way (divided with broken lines road marking),Tangent road with flat terrain,No junction,Asphalt roads,Wet or damp,Darkness - lights lit,Normal,Vehicle with vehicle collision,4,2,Going straight,Not a Pedestrian,No distancing,Slight Injury,17,Evening
9880,1900-01-01 17:21:00,Thursday,31-50,1-2yr,Other,Office areas,Two-way (divided with broken lines road marking),Tangent road with flat terrain,No junction,Asphalt roads,Wet or damp,Darkness - lights lit,Normal,Vehicle with vehicle collision,4,2,Turnover,Not a Pedestrian,Driving carelessly,Slight Injury,17,Evening