,Time,Day_of_week,Age_band_of_driver,Driving_experience,Type_of_vehicle,Area_accident_occured,Lanes_or_Medians,Road_allignment,Types_of_Junction,Road_surface_type,Road_surface_conditions,Light_conditions,Weather_conditions,Type_of_collision,Number_of_vehicles_involved,Number_of_casualties,Vehicle_movement,Pedestrian_movement,Cause_of_accident,Accident_severity,Hour,TimeLine
10350,1900-01-01 20:00:00,Saturday,Over 51,1-2yr,Lorry (41?100Q),Office areas,One way,Tangent road with flat terrain,Crossing,Asphalt roads,Wet or damp,Darkness - lights lit,Other,Collision with roadside objects,1,1,Going straight,Not a Pedestrian,Driving carelessly,Slight Injury,20,Night
10351,1900-01-01 18:40:00,Thursday,18-30,2-5yr,Public (> 45 seats), Church areas,Undivided Two way,Tangent road with flat terrain,No junction,Asphalt roads,Wet or damp,Darkness - lights lit,Windy,Collision with roadside objects,1,1,Going straight,Not a Pedestrian,Driving carelessly,Slight Injury,18,Evening
10352,1900-01-01 16:31:00,Wednesday,31-50,Above 10yr,Automobile, Hospital areas,Undivided Two way,Tangent road with mountainous terrain and,Unknown,Asphalt roads,Wet or damp,Darkness - lights lit,Raining,Vehicle with vehicle collision,1,1,Going straight,Not a Pedestrian,No distancing,Slight Injury,16,Evening
10353,1900-01-01 18:45:00,Tuesday,18-30,Below 1yr,Automobile,Office areas,other,Tangent road with flat terrain,O Shape,Asphalt roads,Wet or damp,Darkness - lights lit,Raining,Vehicle with vehicle collision,2,1,Going straight,Not a Pedestrian,Other,Serious Injury,18,Evening
10354,1900-01-01 18:45:00,Tuesday,18-30,2-5yr,Automobile,Other,Two-way (divided with broken lines road marking),Escarpments,O Shape,Asphalt roads,Wet or damp,Darkness - lights lit,Raining,Vehicle with vehicle collision,2,1,Going straight,Not a Pedestrian,Changing lane to the right,Serious Injury,18,Evening
10355,1900-01-01 15:16:00,Monday,18-30,Below 1yr,Public (> 45 seats),Office areas,Undivided Two way,Tangent road with flat terrain,No junction,Asphalt roads,Wet or damp,Daylight,Cloudy,Collision with roadside objects,1,1,Going straight,Crossing from driver's nearside,Changing lane to the right,Slight Injury,15,Afternoon
10356,1900-01-01 18:35:00,Wednesday,Under 18,5-10yr,Lorry (11?40Q),Office areas,Two-way (divided with broken lines road marking),Tangent road with mountainous terrain and,No junction,Asphalt roads,Wet or damp,Darkness - lights lit,Raining,Vehicle with vehicle collision,2,2,Going straight,Not a Pedestrian,No distancing,Slight Injury,18,Evening
10357,1900-01-01 18:35:00,Wednesday,18-30,1-2yr,Pick up upto 10Q,Other,Double carriageway (median),Steep grade downward with mountainous terrain,No junction,Asphalt roads,Wet or damp,Darkness - lights lit,Raining,Vehicle with vehicle collision,2,2,Going straight,Not a Pedestrian,No distancing,Slight Injury,18,Evening
10358,1900-01-01 20:40:00,Tuesday,31-50,Below 1yr,Lorry (11?40Q),Office areas,Undivided Two way,Tangent road with mild grade and flat terrain,Y Shape,Asphalt roads,Wet or damp,Darkness - lights lit,Normal,Vehicle with vehicle collision,1,2,Other,Not a Pedestrian,Overturning,Slight Injury,20,Night
10359,1900-01-01 20:40:00,Tuesday,31-50,5-10yr,Pick up upto 10Q,Residential areas,Undivided Two way,Tangent road with flat terrain,Y Shape,Asphalt roads,Wet or damp,Darkness - lights lit,Normal,Rollover,1,2,Reversing,Not a Pedestrian,Driving at high speed,Slight Injury,20,Night
10360,1900-01-01 17:34:00,Monday,31-50,Below 1yr,Special vehicle,Other,Two-way (divided with broken lines road marking),Tangent road with flat terrain,Y Shape,Asphalt roads,Dry,Darkness - lights lit,Normal,Vehicle with vehicle collision,2,1,Other,Not a Pedestrian,No priority to vehicle,Slight Injury,17,Evening
10361,1900-01-01 17:34:00,Monday,18-30,Below 1yr,Lorry (11?40Q),Office areas,Double carriageway (median),Tangent road with flat terrain,Y Shape,Asphalt roads,Dry,Darkness - lights lit,Normal,Vehicle with vehicle collision,2,1,Other,Not a Pedestrian,No priority to pedestrian,Slight Injury,17,Evening
10362,1900-01-01 20:20:00,Wednesday,18-30,5-10yr,Automobile,Office areas,Undivided Two way,Tangent road with mountainous terrain and,Crossing,Asphalt roads,Wet or damp,Darkness - lights lit,Normal,Collision with pedestrians,1,1,Reversing,Not a Pedestrian,No priority to vehicle,Serious Injury,20,Night
10363,1900-01-01 22:25:00,Friday,31-50,2-5yr,Automobile,Office areas,other,Tangent road with flat terrain,No junction,Asphalt roads,Dry,Darkness - lights lit,Normal,Vehicle with vehicle collision,2,2,Going straight,Not a Pedestrian,Other,Slight Injury,22,Night
10364,1900-01-01 22:25:00,Friday,31-50,Above 10yr,Lorry (41?100Q),Other,Two-way (divided with broken lines road marking),Tangent road with mild grade and flat terrain,No junction,Asphalt roads,Dry,Darkness - lights lit,Normal,Vehicle with vehicle collision,2,2,Going straight,Not a Pedestrian,Other,Slight Injury,22,Night
10365,1900-01-01 22:25:00,Friday,18-30,Above 10yr,Other, Church areas,Undivided Two way,Tangent road with flat terrain,No junction,Asphalt roads,Dry,Darkness - lights lit,Normal,Vehicle with vehicle collision,2,2,Going straight,Not a Pedestrian,Moving Backward,Slight Injury,22,Night
10366,1900-01-01 15:10:00,Friday,Over 51,5-10yr,Other, Industrial areas,Undivided Two way,Tangent road with flat terrain,Y Shape,Asphalt roads,Wet or damp,Daylight,Normal,Vehicle with vehicle collision,1,1,Going straight,Not a Pedestrian,No distancing,Slight Injury,15,Afternoon
10367,1900-01-01 17:10:00,Wednesday,31-50,1-2yr,Automobile,Office areas,Double carriageway (median),Tangent road with flat terrain,Y Shape,Asphalt roads,Dry,Darkness - lights lit,Normal,Collision with roadside objects,2,1,Turnover,Not a Pedestrian,Moving Backward,Slight Injury,17,Evening
10368,1900-01-01 17:10:00,Wednesday,18-30,Below 1yr,Other, Church areas,Undivided Two way,Tangent road with flat terrain,Y Shape,Asphalt roads,Dry,Darkness - lights lit,Normal,Vehicle with vehicle collision,2,1,Going straight,Not a Pedestrian,No priority to vehicle,Slight Injury,17,Evening
10369,1900-01-01 06:12:00,Saturday,18-30,Below 1yr,Automobile,Office areas,Undivided Two way,Tangent road with flat terrain,Crossing,Asphalt roads,Wet or damp,Darkness - lights lit,Raining,Vehicle with vehicle collision,3,1,Going straight,Not a Pedestrian,Driving carelessly,Slight Injury,6,Morning
10370,1900-01-01 06:12:00,Saturday,Over 51,2-5yr,Public (13?45 seats),Office areas,other,Tangent road with flat terrain,Crossing,Asphalt roads,Wet or damp,Darkness - lights lit,Raining,Vehicle with vehicle collision,3,1,Going straight,Not a Pedestrian,No distancing,Slight Injury,6,Morning
10371,1900-01-01 06:12:00,Saturday,Over 51,1-2yr,Lorry (41?100Q),Residential areas,Two-way (divided with broken lines road marking),Tangent road with flat terrain,Crossing,Asphalt roads,Wet or damp,Darkness - lights lit,Raining,Vehicle with vehicle collision,3,1,Going straight,Not a Pedestrian,Other,Slight Injury,6,Morning
10372,1900-01-01 11:05:00,Thursday,Over 51,5-10yr,Automobile,Office areas,Two-way (divided with broken lines road marking),Tangent road with flat terrain,Y Shape,Asphalt roads,Wet or damp,Daylight,Normal,Collision with roadside objects,2,1,Going straight,Not a Pedestrian,Changing lane to the right,Serious Injury,11,Morning
10373,1900-01-01 11:05:00,Thursday,18-30,2-5yr,Automobile,Residential areas,Undivided Two way,Tangent road with flat terrain,Y Shape,Asphalt roads,Wet or damp,Daylight,Normal,Vehicle with vehicle collision,2,1,Moving Backward,Not a Pedestrian,No distancing,Serious Injury,11,Morning
10374,1900-01-01 17:43:00,Wednesday,18-30,5-10yr,Automobile,Office areas,Double carriageway (median),Tangent road with flat terrain,Y Shape,Asphalt roads,Dry,Darkness - lights lit,Normal,Collision with roadside objects,2,2,Going straight,Not a Pedestrian,Driving carelessly,Slight Injury,17,Evening
10375,1900-01-01 17:43:00,Wednesday,18-30,Above 10yr,Lorry (41?100Q),Office areas,Double carriageway (median),Tangent road with flat terrain,Y Shape,Asphalt roads,Dry,Darkness - lights lit,Normal,Vehicle with vehicle collision,2,2,Going straight,Crossing from driver's nearside,No distancing,Slight Injury,17,Evening
10376,1900-01-01 17:43:00,Wednesday,18-30,5-10yr,Automobile,Other,Two-way (divided with broken lines road marking),Tangent road with flat terrain,Y Shape,Asphalt roads,Dry,Darkness - lights lit,Normal,Rollover,2,2,Turnover,Not a Pedestrian,No priority to vehicle,Slight Injury,17,Evening
10377,1900-01-01 17:00:00,Friday,31-50,5-10yr,Lorry (41?100Q),Other,Two-way (divided with broken lines road marking),Tangent road with flat terrain,Y Shape,Asphalt roads,Dry,Darkness - lights lit,Normal,Vehicle with vehicle collision,1,1,Going straight,Not a Pedestrian,Changing lane to the right,Slight Injury,17,Evening
10378,1900-01-01 10:07:00,Monday,18-30,5-10yr,Taxi,Residential areas,Two-way (divided with broken lines road marking),Tangent road with flat terrain,Crossing,Asphalt roads,Wet or damp,Daylight,Raining,Vehicle with vehicle collision,2,2,Going straight,Not a Pedestrian,No priority to pedestrian,Slight Injury,10,Morning
10379,1900-01-01 10:07:00,Monday,Over 51,Above 10yr,Lorry (41?100Q), Church areas,Two-way (divided with broken lines road marking),Tangent road with flat terrain,Crossing,Asphalt roads,Wet or damp,Daylight,Raining,Vehicle with vehicle collision,2,2,Going straight,Not a Pedestrian,No priority to vehicle,Slight Injury,10,Morning
10380,1900-01-01 10:40:00,Monday,31-50,1-2yr,Lorry (41?100Q), Church areas,Double carriageway (median),Tangent road with flat terrain,Y Shape,Asphalt roads,Wet or damp,Daylight,Raining,Vehicle with vehicle collision,2,1,Going straight,Not a Pedestrian,Changing lane to the left,Slight Injury,10,Morning
10381,1900-01-01 10:40:00,Monday,31-50,2-5yr,Other,Residential areas,Double carriageway (median),Tangent road with flat terrain,Y Shape,Asphalt roads,Wet or damp,Daylight,Raining,Vehicle with vehicle collision,2,1,Going straight,Not a Pedestrian,Turnover,Slight Injury,10,Morning
10382,1900-01-01 18:40:00,Friday,18-30,1-2yr,Stationwagen,Office areas,Two-way (divided with broken lines road marking),Tangent road with mild grade and flat terrain,Y Shape,Asphalt roads,Wet or damp,Darkness - lights lit,Raining,Collision with pedestrians,1,1,Going straight,Not a Pedestrian,Driving to the left,Serious Injury,18,Evening
10383,1900-01-01 17:55:00,Saturday,18-30,5-10yr,Stationwagen,Office areas,Two-way (divided with broken lines road marking),Tangent road with mild grade and flat terrain,Y Shape,Earth roads,Wet or damp,Darkness - lights lit,Raining,Rollover,2,2,Moving Backward,Not a Pedestrian,Driving carelessly,Slight Injury,17,Evening
10384,1900-01-01 17:55:00,Saturday,18-30,5-10yr,Lorry (41?100Q),Residential areas,Two-way (divided with broken lines road marking),Tangent road with flat terrain,Y Shape,Asphalt roads,Wet or damp,Darkness - lights lit,Raining,Vehicle with vehicle collision,2,2,Going straight,Not a Pedestrian,Driving to the left,Slight Injury,17,Evening
10385,1900-01-01 17:57:00,Saturday,Over 51,5-10yr,Lorry (41?100Q), Church areas,other,Tangent road with flat terrain,Crossing,Asphalt roads,Wet or damp,Darkness - no lighting,Raining,Rollover,1,1,Going straight,Not a Pedestrian,Driving carelessly,Serious Injury,17,Evening
10386,1900-01-01 17:45:00,Wednesday,18-30,Above 10yr,Other,Other,Two-way (divided with broken lines road marking),Tangent road with flat terrain,Y Shape,Asphalt roads,Wet or damp,Darkness - lights lit,Raining,Vehicle with vehicle collision,1,1,Going straight,Not a Pedestrian,No priority to pedestrian,Slight Injury,17,Evening
10387,1900-01-01 19:40:00,Monday,18-30,2-5yr,Automobile,Office areas,Two-way (divided with broken lines road marking),Tangent road with flat terrain,Y Shape,Asphalt roads,Dry,Darkness - lights lit,Normal,Vehicle with vehicle collision,2,2,Going straight,Not a Pedestrian,Driving carelessly,Slight Injury,19,Evening
10388,1900-01-01 19:40:00,Monday,31-50,Above 10yr,Automobile,Other,Two-way (divided with broken lines road marking),Tangent road with flat terrain,Y Shape,Asphalt roads,Dry,Darkness - lights lit,Normal,Vehicle with vehicle collision,2,2,Moving Backward,Not a Pedestrian,Changing lane to the right,Slight Injury,19,Evening
10389,1900-01-01 21:05:00,Thursday,31-50,2-5yr,Taxi,Other,Two-way (divided with broken lines road marking),Tangent road with flat terrain,No junction,Asphalt roads,Wet or damp,Darkness - lights lit,Raining,Fall from vehicles,1,2,Going straight,Not a Pedestrian,Moving Backward,Serious Injury,21,Night
10390,1900-01-01 21:05:00,Thursday,31-50,5-10yr,Lorry (41?100Q),Other,Two-way (divided with broken lines road marking),Tangent road with flat terrain,No junction,Asphalt roads,Wet or damp,Darkness - lights lit,Raining,Vehicle with vehicle collision,1,2,Other,Not a Pedestrian,Driving carelessly,Serious Injury,21,Night
10391,1900-01-01 13:05:00,Monday,Over 51,5-10yr,Other,Residential areas,Two-way (divided with broken lines road marking),Tangent road with flat terrain,Y Shape,Asphalt roads,Dry,Daylight,Normal,Collision with roadside objects,2,1,Other,Not a Pedestrian,Changing lane to the right,Slight Injury,13,Afternoon
10392,1900-01-01 13:05:00,Monday,Over 51,5-10yr,Automobile, Church areas,Undivided Two way,Tangent road with flat terrain,Y Shape,Asphalt roads,Dry,Daylight,Normal,Vehicle with vehicle collision,2,1,Going straight,"In carriageway, statioNot a Pedestrianry - not crossing  (standing or playing) - masked by parked or statioNot a Pedestrianry vehicle",Driving carelessly,Slight Injury,13,Afternoon
10393,1900-01-01 04:01:00,Thursday,31-50,5-10yr,Public (> 45 seats),Other,Undivided Two way,Tangent road with flat terrain,Y Shape,Asphalt roads,Wet or damp,Darkness - lights lit,Normal,Vehicle with vehicle collision,1,1,Going straight,Crossing from nearside - masked by parked or statioNot a Pedestrianry vehicle,Driving carelessly,Slight Injury,4,Morning
10394,1900-01-01 13:53:00,Friday,31-50,Above 10yr,Stationwagen,Other,One way,Tangent road with flat terrain,Y Shape,Asphalt roads,Dry,Daylight,Normal,Vehicle with vehicle collision,2,1,Going straight,Not a Pedestrian,Driving carelessly,Slight Injury,13,Afternoon
10395,1900-01-01 13:53:00,Friday,Over 51,Below 1yr,Automobile,Residential areas,Two-way (divided with broken lines road marking),Tangent road with flat terrain,Y Shape,Asphalt roads,Dry,Daylight,Normal,Collision with pedestrians,2,1,Going straight,Not a Pedestrian,Changing lane to the right,Slight Injury,13,Afternoon
10396,1900-01-01 17:28:00,Thursday,31-50,5-10yr,Lorry (41?100Q),Office areas,One way,Tangent road with flat terrain,Other,Asphalt roads,Dry,Darkness - lights lit,Normal,Vehicle with vehicle collision,1,1,Other,Not a Pedestrian,Changing lane to the right,Serious Injury,17,Evening
10397,1900-01-01 12:47:00,Sunday,Over 51,1-2yr,Other, Industrial areas,Two-way (divided with broken lines road marking),Tangent road with flat terrain,Crossing,Asphalt roads,Dry,Daylight,Normal,Vehicle with vehicle collision,2,1,Going straight,Not a Pedestrian,Driving carelessly,Slight Injury,12,Afternoon
10398,1900-01-01 12:47:00,Sunday,31-50,Above 10yr,Public (13?45 seats),Residential areas,Double carriageway (median),Tangent road with flat terrain,Crossing,Asphalt roads,Dry,Daylight,Normal,Vehicle with vehicle collision,2,1,Getting off,Not a Pedestrian,Overtaking,Slight Injury,12,Afternoon
10399,1900-01-01 13:43:00,Tuesday,18-30,2-5yr,Other,Office areas,Unknown,Tangent road with flat terrain,No junction,Asphalt roads,Dry,Daylight,Normal,Rollover,2,1,Going straight,Crossing from offside - masked by  parked or statioNot a Pedestrianry vehicle,Changing lane to the right,Slight Injury,13,Afternoon
10400,1900-01-01 13:43:00,Tuesday,31-50,5-10yr,Other,Other,Two-way (divided with broken lines road marking),Tangent road with flat terrain,No junction,Asphalt roads,Dry,Daylight,Normal,Collision with roadside objects,2,1,Going straight,Not a Pedestrian,No distancing,Slight Injury,13,Afternoon
10401,1900-01-01 12:29:00,Tuesday,31-50,Below 1yr,Ridden horse, Church areas,other,Tangent road with flat terrain,Crossing,Asphalt roads,Dry,Daylight,Normal,Vehicle with vehicle collision,3,3,Going straight,Crossing from nearside - masked by parked or statioNot a Pedestrianry vehicle,Other,Slight Injury,12,Afternoon
10402,1900-01-01 12:29:00,Tuesday,18-30,5-10yr,Lorry (41?100Q), Industrial areas,Two-way (divided with broken lines road marking),Tangent road with flat terrain,Crossing,Asphalt roads,Dry,Daylight,Normal,Vehicle with vehicle collision,3,3,Going straight,Not a Pedestrian,Changing lane to the right,Slight Injury,12,Afternoon
10403,1900-01-01 12:29:00,Tuesday,31-50,Above 10yr,Lorry (41?100Q),  Recreational areas,One way,Tangent road with flat terrain,Crossing,Asphalt roads,Dry,Daylight,Normal,Collision with roadside objects,3,3,Going straight,Not a Pedestrian,Changing lane to the right,Slight Injury,12,Afternoon
10404,1900-01-01 12:29:00,Tuesday,31-50,5-10yr,Pick up upto 10Q,  Market areas,Undivided Two way,Tangent road with flat terrain,Crossing,Asphalt roads,Dry,Daylight,Normal,Vehicle with vehicle collision,3,3,Going straight,Not a Pedestrian,Overtaking,Slight Injury,12,Afternoon
10405,1900-01-01 08:27:00,Wednesday,18-30,1-2yr,Lorry (11?40Q),Other,Two-way (divided with broken lines road marking),Tangent road with flat terrain,Y Shape,Asphalt roads,Dry,Daylight,Normal,Vehicle with vehicle collision,3,1,Moving Backward,Not a Pedestrian,Other,Serious Injury,8,Morning
10406,1900-01-01 08:27:00,Wednesday,18-30,5-10yr,Automobile,Other,Two-way (divided with broken lines road marking),Tangent road with flat terrain,Y Shape,Asphalt roads,Dry,Daylight,Normal,Vehicle with vehicle collision,3,1,Going straight,Not a Pedestrian,Driving to the left,Serious Injury,8,Morning
10407,1900-01-01 08:27:00,Wednesday,Over 51,1-2yr,Automobile, Industrial areas,Two-way (divided with broken lines road marking),Tangent road with flat terrain,Y Shape,Asphalt roads,Dry,Daylight,Normal,Rollover,3,1,Other,Not a Pedestrian,Overtaking,Serious Injury,8,Morning
10408,1900-01-01 12:05:00,Friday,Over 51,Above 10yr,Lorry (11?40Q),Other,Two-way (divided with broken lines road marking),Tangent road with flat terrain,Y Shape,Asphalt roads,Wet or damp,Daylight,Windy,Rollover,3,1,Going straight,Crossing from nearside - masked by parked or statioNot a Pedestrianry vehicle,No priority to vehicle,Slight Injury,12,Afternoon
10409,1900-01-01 12:05:00,Friday,Over 51,1-2yr,Motorcycle,Office areas,other,Tangent road with flat terrain,Y Shape,Asphalt roads,Wet or damp,Daylight,Windy,Collision with pedestrians,3,1,Going straight,Not a Pedestrian,Moving Backward,Slight Injury,12,Afternoon
10410,1900-01-01 12:05:00,Friday,31-50,5-10yr,Lorry (41?100Q),Other,other,Tangent road with flat terrain,Y Shape,Asphalt roads,Wet or damp,Daylight,Windy,Vehicle with vehicle collision,3,1,Going straight,Not a Pedestrian,Other,Slight Injury,12,Afternoon
10411,1900-01-01 12:51:00,Thursday,31-50,2-5yr,Stationwagen,Office areas,Two-way (divided with broken lines road marking),Tangent road with flat terrain,Crossing,Asphalt roads,Dry,Daylight,Normal,Vehicle with vehicle collision,2,1,Going straight,Not a Pedestrian,No priority to vehicle,Slight Injury,12,Afternoon
10412,1900-01-01 12:51:00,Thursday,31-50,5-10yr,Automobile,Office areas,Undivided Two way,Tangent road with flat terrain,Crossing,Asphalt roads,Dry,Daylight,Normal,Vehicle with vehicle collision,2,1,Going straight,Not a Pedestrian,No priority to pedestrian,Slight Injury,12,Afternoon
10413,1900-01-01 11:10:00,Sunday,Under 18,2-5yr,Other,Other,other,Tangent road with flat terrain,Crossing,Asphalt roads,Wet or damp,Daylight,Normal,Collision with pedestrians,3,4,Moving Backward,Not a Pedestrian,Changing lane to the right,Slight Injury,11,Morning
10414,1900-01-01 11:10:00,Sunday,18-30,2-5yr,Other,Other,other,Tangent road with flat terrain,Crossing,Asphalt roads,Wet or damp,Daylight,Normal,Collision with pedestrians,3,4,Going straight,Not a Pedestrian,Changing lane to the right,Slight Injury,11,Morning
10415,1900-01-01 11:10:00,Sunday,31-50,Above 10yr,Taxi,Other,Undivided Two way,Tangent road with flat terrain,Crossing,Asphalt roads,Wet or damp,Daylight,Normal,Vehicle with vehicle collision,3,4,Going straight,Not a Pedestrian,Changing lane to the right,Slight Injury,11,Morning
10416,1900-01-01 11:10:00,Sunday,31-50,1-2yr,Automobile,Other,other,Tangent road with flat terrain,Crossing,Asphalt roads,Wet or damp,Daylight,Normal,Vehicle with vehicle collision,3,4,Going straight,Not a Pedestrian,Driving to the left,Slight Injury,11,Morning
10417,1900-01-01 10:30:00,Monday,Over 51,1-2yr,Long lorry,Residential areas,Undivided Two way,Tangent road with flat terrain,No junction,Asphalt roads,Wet or damp,Daylight,Normal,Vehicle with vehicle collision,1,1,Going straight,Not a Pedestrian,Changing lane to the left,Serious Injury,10,Morning
10418,1900-01-01 22:25:00,Thursday,31-50,No Licence,Long lorry, Church areas,Undivided Two way,Tangent road with flat terrain,Crossing,Asphalt roads,Dry,Darkness - no lighting,Cloudy,Collision with roadside objects,2,1,Going straight,Not a Pedestrian,Moving Backward,Slight Injury,22,Night
10419,1900-01-01 22:25:00,Thursday,31-50,1-2yr,Lorry (41?100Q),Office areas,Double carriageway (median),Tangent road with flat terrain,Crossing,Asphalt roads,Dry,Darkness - no lighting,Cloudy,Vehicle with vehicle collision,2,1,Going straight,Not a Pedestrian,Driving at high speed,Slight Injury,22,Night
10420,1900-01-01 17:27:00,Friday,Over 51,5-10yr,Lorry (41?100Q), Church areas,other,Tangent road with flat terrain,Other,Asphalt roads,Wet or damp,Darkness - lights lit,Normal,Collision with roadside objects,2,2,Going straight,Not a Pedestrian,Moving Backward,Slight Injury,17,Evening
10421,1900-01-01 17:27:00,Friday,31-50,Above 10yr,Lorry (11?40Q),Other,Two-way (divided with broken lines road marking),Tangent road with flat terrain,Other,Asphalt roads,Wet or damp,Darkness - lights lit,Normal,Vehicle with vehicle collision,2,2,Going straight,Not a Pedestrian,No distancing,Slight Injury,17,Evening
10422,1900-01-01 12:10:00,Tuesday,Over 51,Above 10yr,Automobile,Other,other,Tangent road with flat terrain,Y Shape,Asphalt roads,Wet or damp,Daylight,Normal,Vehicle with vehicle collision,2,1,Going straight,Crossing from driver's nearside,Other,Slight Injury,12,Afternoon
10423,1900-01-01 12:10:00,Tuesday,31-50,5-10yr,Taxi,School areas,other,Steep grade downward with mountainous terrain,Y Shape,Asphalt roads,Wet or damp,Daylight,Normal,Collision with roadside objects,2,1,Going straight,Not a Pedestrian,No priority to vehicle,Slight Injury,12,Afternoon
10424,1900-01-01 08:00:00,Tuesday,Over 51,2-5yr,Other,Office areas,Two-way (divided with broken lines road marking),Tangent road with mild grade and flat terrain,Y Shape,Asphalt roads,Dry,Daylight,Normal,Vehicle with vehicle collision,3,3,Going straight,Not a Pedestrian,Changing lane to the right,Serious Injury,8,Morning
10425,1900-01-01 08:00:00,Tuesday,18-30,2-5yr,Automobile,Other,other,Steep grade downward with mountainous terrain,Y Shape,Asphalt roads,Dry,Daylight,Normal,Vehicle with vehicle collision,3,3,Other,Not a Pedestrian,Other,Serious Injury,8,Morning
10426,1900-01-01 08:00:00,Tuesday,31-50,Below 1yr,Automobile,Office areas,Undivided Two way,Tangent road with flat terrain,Y Shape,Asphalt roads,Dry,Daylight,Normal,Collision with roadside objects,3,3,Going straight,Not a Pedestrian,No distancing,Serious Injury,8,Morning
10427,1900-01-01 17:00:00,Tuesday,18-30,2-5yr,Automobile,Other,Undivided Two way,Tangent road with flat terrain,No junction,Asphalt roads,Wet or damp,Darkness - lights lit,Normal,Collision with roadside objects,1,1,Going straight,Not a Pedestrian,Driving carelessly,Serious Injury,17,Evening
10428,1900-01-01 17:45:00,Wednesday,Unknown,2-5yr,Automobile,Other,Two-way (divided with broken lines road marking),Tangent road with flat terrain,Crossing,Asphalt roads,Dry,Darkness - lights lit,Normal,Vehicle with vehicle collision,1,1,Going straight,Not a Pedestrian,No distancing,Slight Injury,17,Evening
10429,1900-01-01 09:57:00,Thursday,31-50,5-10yr,Public (> 45 seats),Office areas,Undivided Two way,Tangent road with flat terrain,Y Shape,Asphalt roads,Dry,Daylight,Normal,Vehicle with vehicle collision,2,1,Going straight,Unknown or other,Moving Backward,Slight Injury,9,Morning
10430,1900-01-01 09:57:00,Thursday,Over 51,Above 10yr,Lorry (11?40Q),Other,Double carriageway (median),Tangent road with flat terrain,Y Shape,Asphalt roads,Dry,Daylight,Normal,Vehicle with vehicle collision,2,1,Going straight,Not a Pedestrian,No distancing,Slight Injury,9,Morning
10431,1900-01-01 18:00:00,Friday,31-50,5-10yr,Lorry (41?100Q), Church areas,other,Tangent road with flat terrain,Y Shape,Asphalt roads,Dry,Darkness - lights lit,Normal,Vehicle with vehicle collision,2,1,Going straight,Not a Pedestrian,Moving Backward,Serious Injury,18,Evening
10432,1900-01-01 18:00:00,Friday,Unknown,2-5yr,Lorry (41?100Q),Office areas,Two-way (divided with broken lines road marking),Tangent road with flat terrain,Y Shape,Asphalt roads,Dry,Darkness - lights lit,Normal,Vehicle with vehicle collision,2,1,Moving Backward,Not a Pedestrian,No priority to pedestrian,Serious Injury,18,Evening
10433,1900-01-01 19:00:00,Tuesday,18-30,5-10yr,Stationwagen,Office areas,Two-way (divided with broken lines road marking),Tangent road with flat terrain,Y Shape,Asphalt roads,Wet or damp,Darkness - lights lit,Other,Vehicle with vehicle collision,2,3,Going straight,Not a Pedestrian,Changing lane to the left,Slight Injury,19,Evening
10434,1900-01-01 19:00:00,Tuesday,31-50,2-5yr,Other,Other,Undivided Two way,Tangent road with mountainous terrain and,Y Shape,Asphalt roads,Wet or damp,Darkness - lights lit,Other,Vehicle with vehicle collision,2,3,Going straight,Not a Pedestrian,No distancing,Slight Injury,19,Evening
10435,1900-01-01 19:00:00,Tuesday,31-50,5-10yr,Automobile,Residential areas,Undivided Two way,Tangent road with flat terrain,Y Shape,Asphalt roads,Wet or damp,Darkness - lights lit,Other,Vehicle with vehicle collision,2,3,Going straight,Not a Pedestrian,Other,Slight Injury,19,Evening
10436,1900-01-01 19:00:00,Tuesday,31-50,1-2yr,Pick up upto 10Q,Residential areas,Undivided Two way,Tangent road with flat terrain,Y Shape,Asphalt roads,Wet or damp,Darkness - lights lit,Other,Vehicle with vehicle collision,2,3,Going straight,Not a Pedestrian,No distancing,Slight Injury,19,Evening
10437,1900-01-01 13:05:00,Friday,31-50,2-5yr,Motorcycle,Other,Two-way (divided with broken lines road marking),Tangent road with flat terrain,Other,Asphalt roads,Dry,Daylight,Normal,Vehicle with vehicle collision,2,2,Going straight,Crossing from driver's nearside,No priority to pedestrian,Serious Injury,13,Afternoon
10438,1900-01-01 13:05:00,Friday,18-30,Above 10yr,Automobile,Other,other,Tangent road with flat terrain,Other,Asphalt roads,Dry,Daylight,Normal,Vehicle with vehicle collision,2,2,Going straight,Not a Pedestrian,Moving Backward,Serious Injury,13,Afternoon
10439,1900-01-01 08:25:00,Wednesday,Over 51,Below 1yr,Pick up upto 10Q,Office areas,Two-way (divided with broken lines road marking),Steep grade downward with mountainous terrain,No junction,Asphalt roads,Wet or damp,Daylight,Raining,Vehicle with vehicle collision,1,1,Going straight,Not a Pedestrian,No priority to pedestrian,Slight Injury,8,Morning
10440,1900-01-01 13:51:00,Tuesday,Under 18,2-5yr,Motorcycle,School areas,Double carriageway (median),Tangent road with flat terrain,No junction,Asphalt roads,Wet or damp,Daylight,Normal,Vehicle with vehicle collision,1,1,Going straight,Not a Pedestrian,No distancing,Serious Injury,13,Afternoon
10441,1900-01-01 16:10:00,Monday,31-50,Below 1yr,Stationwagen,Other,Two-way (divided with broken lines road marking),Steep grade downward with mountainous terrain,Unknown,Asphalt roads,Wet or damp,Darkness - lights unlit,Normal,Vehicle with vehicle collision,2,2,Going straight,Not a Pedestrian,No priority to pedestrian,Slight Injury,16,Evening